period,organization_id,branch_id,brand_id,salesperson_master_id,metric_name,actual_value,previous_value,rolling_mean_3,rolling_std_3,rolling_mean_6,rolling_std_6,pct_change,difference_from_rolling_mean_3,z_score_3,z_score_6,rule_based_anomaly,is_anomaly_label,isolation_forest_raw_prediction,iforest_anomaly_flag,anomaly_score
45658,719219457,ALL,ALL,ALL,collections_aed,12578.47,0.0,0.0,0.0,0.0,0.0,0.0,0.0,0.0,0.0,0,0,1,0,0.3220883885261555
45689,719219457,ALL,ALL,ALL,collections_aed,35317.42,12578.47,12578.47,0.0,12578.47,0.0,1.8077675583755413,22738.95,0.0,0.0,1,0,1,0,0.2285746487850095
45717,719219457,ALL,ALL,ALL,collections_aed,23880.89,35317.42,23947.945,16078.865742061842,23947.945,16078.865742061842,-0.3238212191037737,-67.05500000000029,-0.0041703812368173,-0.0041703812368173,0,0,1,0,0.2911569101219055
45748,719219457,ALL,ALL,ALL,collections_aed,25724.36,23880.89,23925.59333333333,11369.540912747238,23925.59333333333,11369.540912747238,0.0771943591717059,1798.7666666666664,0.1582092610837026,0.1582092610837026,0,0,1,0,0.2989999117875768
45778,719219457,ALL,ALL,ALL,collections_aed,30625.66,25724.36,28307.556666666667,6140.295870251959,24375.285,9326.656997983431,0.1905314651171107,2318.103333333333,0.3775230676690848,0.6701624173968689,0,0,1,0,0.2946534839242426
45809,719219457,ALL,ALL,ALL,collections_aed,47985.97,30625.66,26743.63666666667,3485.9968847710247,25625.36,8547.124405123046,0.5668550490013929,21242.33333333333,6.093617990920443,2.616155906961798,1,0,1,0,0.23279222634565266
45839,719219457,ALL,ALL,ALL,collections_aed,33997.03,47985.97,34778.66333333334,11697.45260571862,29352.128333333338,11906.95098416621,-0.2915214592932059,-781.6333333333387,-0.0668208164358123,0.3901000073690925,0,0,1,0,0.2970754090379923
45870,719219457,ALL,ALL,ALL,collections_aed,34252.77,33997.03,37536.22,9205.405488955934,32921.888333333336,8632.934467035915,0.0075224218115523,-3283.4500000000044,-0.3566871664631483,0.1541633000630912,0,0,1,0,0.304951647594518
45901,719219457,ALL,ALL,ALL,collections_aed,37740.49,34252.77,38745.25666666666,8003.7140077924705,32744.44666666667,8584.655477477629,0.1018230058474103,-1004.7666666666628,-0.1255375524023491,0.5819736559540164,0,0,1,0,0.3045467054598433
45931,719219457,ALL,ALL,ALL,collections_aed,34914.59,37740.49,35330.096666666665,2091.374608465289,35054.38,7521.4973045744,-0.0748771412347852,-415.506666666668,-0.1986763466405374,-0.0185853952131291,0,0,1,0,0.3064931119907788
45962,719219457,ALL,ALL,ALL,collections_aed,44087.68,34914.59,35635.95,1852.381679568228,36586.085,6029.231382442537,0.2627294205660156,8451.730000000003,4.5626288001131705,1.2442041985393146,1,0,1,0,0.2544137238004751
45992,719219457,ALL,ALL,ALL,collections_aed,28372.43,44087.68,38914.25333333333,4697.838365571275,38829.755,5870.282553082937,-0.3564544562108961,-10541.823333333326,-2.243973187879443,-1.7814006234688058,0,0,1,0,0.25712471387765407
46023,719219457,ALL,ALL,ALL,collections_aed,32112.42,28372.43,35791.566666666666,7894.2438964117,35560.831666666665,5171.175896046913,0.1318177540661831,-3679.146666666667,-0.4660543447788597,-0.6668525178775668,0,0,1,0,0.29395098243697376
46054,719219457,ALL,ALL,ALL,collections_aed,23731.13,32112.42,34857.51,8209.379390167082,35246.73,5339.651841972464,-0.2609983925222701,-11126.38,-1.3553253505772682,-2.1566200083461133,0,0,1,0,0.261273881479832
46082,719219457,ALL,ALL,ALL,collections_aed,41610.03,23731.13,28071.99333333333,4198.714345967514,33493.12333333333,7151.638662537879,0.7533943811356643,13538.036666666669,3.224329056742983,1.1349715847900863,1,0,1,0,0.2529219061040711
46113,719219457,ALL,ALL,ALL,collections_aed,14542.26,41610.03,32484.52666666666,8945.256498895567,34138.04666666667,7759.873341705172,-0.6505107061927136,-17942.266666666663,-2.0057855992035463,-2.525271457892204,1,0,1,0,0.23197986346784377
46143,719219457,ALL,ALL,ALL,collections_aed,39007.77,14542.26,26627.806666666667,13764.41408039708,30742.658333333336,11093.223474975008,1.682373303736833,12379.96333333333,0.8994181126070998,0.7450595118102298,1,0,1,0,0.2327106283834569
46174,719219457,ALL,ALL,ALL,collections_aed,29324.69,39007.77,31720.02,14933.168392544832,29896.006666666668,10012.18845846734,-0.2482346465845137,-2395.3300000000017,-0.1604033341776173,-0.0570621167426692,0,0,1,0,0.3011524646627533
45658,719219457,ALL,ALL,ALL,gross_margin_pct,0.3546,0.0,0.0,0.0,0.0,0.0,0.0,0.0,0.0,0.0,0,0,1,0,0.3220786511378577
45689,719219457,ALL,ALL,ALL,gross_margin_pct,0.299,0.3546,0.3546,0.0,0.3546,0.0,-0.1567963902989284,-0.0556,0.0,0.0,0,0,1,0,0.3178634842984972
45717,719219457,ALL,ALL,ALL,gross_margin_pct,0.3305,0.299,0.3268,0.039315137033972,0.3268,0.039315137033972,0.1053511705685619,0.0037,0.0941113341866996,0.0941113341866996,0,0,1,0,0.31543455034369244
45748,719219457,ALL,ALL,ALL,gross_margin_pct,0.3212,0.3305,0.3280333333333333,0.0278819535422705,0.3280333333333333,0.0278819535422705,-0.0281391830559758,-0.0068333333333333,-0.2450808664813838,-0.2450808664813838,0,0,1,0,0.32149501281447235
45778,719219457,ALL,ALL,ALL,gross_margin_pct,0.3168,0.3212,0.3169,0.0161842516045691,0.326325,0.0230204800123715,-0.0136986301369861,-9.9999999999989e-05,-0.0061788461056646,-0.4137620064777561,0,0,1,0,0.32306729555854763
45809,719219457,ALL,ALL,ALL,gross_margin_pct,0.3204,0.3168,0.3228333333333333,0.006994521665799,0.32442,0.0203863189418786,0.0113636363636363,-0.0024333333333332,-0.3478913140310203,-0.1971910677676061,0,0,1,0,0.32554604300783013
45839,719219457,ALL,ALL,ALL,gross_margin_pct,0.3346,0.3204,0.3194666666666666,0.0023437861108327,0.32375,0.0183077852292405,0.0443196004993757,0.0151333333333333,6.456789407270842,0.5926440508309389,1,0,1,0,0.25911342297351386
45870,719219457,ALL,ALL,ALL,gross_margin_pct,0.3224,0.3346,0.3239333333333333,0.0094113406767225,0.3204166666666667,0.0124515728591478,-0.0364614465032874,-0.0015333333333333,-0.1629240068979524,0.1592837592301635,0,0,1,0,0.3254393336190822
45901,719219457,ALL,ALL,ALL,gross_margin_pct,0.3178,0.3224,0.3258,0.0076863515402302,0.3243166666666667,0.0067706474333453,-0.0142679900744416,-0.008,-1.0408058957657755,-0.9624879645293802,0,0,1,0,0.31429738926344597
45931,719219457,ALL,ALL,ALL,gross_margin_pct,0.2994,0.3178,0.3249333333333333,0.0086817816911814,0.3222,0.0064274411704814,-0.0578980490874764,-0.0255333333333333,-2.941024577854673,-3.54729034389472,1,0,1,0,0.2491200445756636
45962,719219457,ALL,ALL,ALL,gross_margin_pct,0.3019,0.2994,0.3132,0.012170456030897,0.3185666666666666,0.0113683185505449,0.0083500334001336,-0.0113,-0.9284779445661516,-1.4660626013041893,0,0,1,0,0.30809791785738944
45992,719219457,ALL,ALL,ALL,gross_margin_pct,0.3035,0.3019,0.3063666666666667,0.0099801469595057,0.3160833333333333,0.0132954754208589,0.005299768135144,-0.0028666666666666,-0.2872369192856709,-0.9464372604225664,0,0,1,0,0.319583619135067
46023,719219457,ALL,ALL,ALL,gross_margin_pct,0.299,0.3035,0.3016,0.0020663978319766,0.3132666666666666,0.0139710653375705,-0.014827018121911,-0.0026,-1.258228188089485,-1.0211581094178406,0,0,1,0,0.3100837523029241
46054,719219457,ALL,ALL,ALL,gross_margin_pct,0.3134,0.299,0.3014666666666666,0.0022810816147896,0.3073333333333333,0.0101306794770471,0.0481605351170569,0.0119333333333333,5.23143637472782,0.598841043230302,1,0,1,0,0.26436183891849907
46082,719219457,ALL,ALL,ALL,gross_margin_pct,0.2989,0.3134,0.3053,0.007366817494685,0.3058333333333333,0.007867062136952,-0.0462667517549457,-0.0064,-0.8687604932004118,-0.8813116272168635,0,0,1,0,0.31451779276864306
46113,719219457,ALL,ALL,ALL,gross_margin_pct,0.2827,0.2989,0.3037666666666667,0.0083428612198292,0.3026833333333333,0.0055639614185095,-0.0541987286717965,-0.0210666666666666,-2.525112921283589,-3.5915657622741333,1,0,1,0,0.24815536601194
46143,719219457,ALL,ALL,ALL,gross_margin_pct,0.3241,0.2827,0.2983333333333333,0.0153578427304531,0.2999,0.0099685505465938,0.1464449946940219,0.0257666666666666,1.6777529968824247,2.4276347786859467,0,0,1,0,0.2772432375935339
46174,719219457,ALL,ALL,ALL,gross_margin_pct,0.3,0.3241,0.3019,0.0208624063808564,0.3036,0.0141163734719649,-0.0743597655044739,-0.0019,-0.0910729071859838,-0.2550230062380798,0,0,1,0,0.32283975988198765
45658,719219457,ALL,ALL,ALL,sales_aed,41223.78,0.0,0.0,0.0,0.0,0.0,0.0,0.0,0.0,0.0,0,0,1,0,0.32161696462606615
45689,719219457,ALL,ALL,ALL,sales_aed,90218.64,41223.78,41223.78,0.0,41223.78,0.0,1.18850964176502,48994.86,0.0,0.0,1,0,1,0,0.2360774993107408
45717,719219457,ALL,ALL,ALL,sales_aed,64425.18,90218.64,65721.20999999999,34644.59774928554,65721.20999999999,34644.59774928554,-0.2858994549241708,-1296.0299999999916,-0.0374092956535112,-0.0374092956535112,0,0,1,0,0.2807578534330736
45748,719219457,ALL,ALL,ALL,sales_aed,71023.03,64425.18,65289.2,24508.85502273005,65289.2,24508.85502273005,0.1024110448740694,5733.8299999999945,0.2339493213649643,0.2339493213649643,0,0,1,0,0.2927247440460484
45778,719219457,ALL,ALL,ALL,sales_aed,78816.32,71023.03,75222.28333333334,13399.661977491582,66722.6575,20215.716278035397,0.1097290554908739,3594.036666666667,0.2682184575031698,0.598230719786066,0,0,1,0,0.29673262828039937
45809,719219457,ALL,ALL,ALL,sales_aed,74145.06,78816.32,71421.51000000001,7203.840458928865,69141.39,18323.692941334182,-0.0592676745120808,2723.5499999999884,0.3780691723432409,0.2730710461051674,0,0,1,0,0.2987465116805536
45839,719219457,ALL,ALL,ALL,sales_aed,90364.21,74145.06,74661.47,3922.225353303956,69975.335,16516.021433286835,0.218748895745718,15702.740000000003,4.003528248771459,1.2344907084528065,1,0,1,0,0.2552785908312582
45870,719219457,ALL,ALL,ALL,sales_aed,87961.24,90364.21,81108.53000000001,8349.00453309854,78165.40666666666,10492.716381764398,-0.0265920545313238,6852.709999999992,0.8207816839520589,0.9335841146300125,0,0,1,0,0.2807092282478516
45901,719219457,ALL,ALL,ALL,sales_aed,80316.52,87961.24,84156.83666666667,8753.303389157323,77789.17333333334,10003.140438089778,-0.0869100981295852,-3840.3166666666657,-0.4387277003815095,0.2526553218270413,0,0,1,0,0.29029071697985814
45931,719219457,ALL,ALL,ALL,sales_aed,41746.17,80316.52,86213.99,5246.778107172011,80437.73000000001,7563.28158911992,-0.4802293475862749,-44467.82000000001,-8.475262168837546,-5.115710626939945,1,0,1,0,0.1501979235271147
45962,719219457,ALL,ALL,ALL,sales_aed,76606.33,41746.17,70007.97666666667,24772.11583651333,75558.25333333334,17615.67839103527,0.8350504968479744,6598.353333333333,0.2663621217049035,0.0594968097964386,1,0,1,0,0.2664585890686374
45992,719219457,ALL,ALL,ALL,sales_aed,101715.2,76606.33,66223.00666666667,21278.581422736686,75189.92166666668,17556.93642340078,0.3277649510164498,35492.19333333333,1.6679774195571633,1.5108147397503289,0,0,1,0,0.24809233710221057
46023,719219457,ALL,ALL,ALL,sales_aed,51240.7,101715.2,73355.90000000001,30116.35952723869,79784.945,20576.896272430164,-0.4962336012709998,-22115.20000000001,-0.7343251424528239,-1.387198760303071,0,0,1,0,0.2528373222069216
46054,719219457,ALL,ALL,ALL,sales_aed,43177.59,51240.7,76520.74333333333,25237.35884300562,73264.36,22648.568181049333,-0.1573575302445126,-33343.153333333335,-1.3211823606721902,-1.328418192244683,0,1,1,0,0.26945940683593017
46082,719219457,ALL,ALL,ALL,sales_aed,41876.7,43177.59,65377.83,31726.27900661692,65800.41833333333,24165.020584871367,-0.030128823771776,-23501.13,-0.7407464958338965,-0.9900143990901834,0,0,1,0,0.2733231539161627
46113,719219457,ALL,ALL,ALL,sales_aed,53282.19,41876.7,45431.66333333333,5072.64811947727,59393.781666666655,24637.768691015364,0.2723588534913211,7850.526666666672,1.547619011167615,-0.2480578393000078,0,0,1,0,0.2724051182791559
46143,719219457,ALL,ALL,ALL,sales_aed,50620.04,53282.19,46112.16,6243.402625868599,61316.45166666666,23404.4082426755,-0.0499632241092192,4507.880000000005,0.7220229528882668,-0.4570255122777625,0,0,1,0,0.2931975218347701
46174,719219457,ALL,ALL,ALL,sales_aed,81511.79,50620.04,48592.97666666666,5966.828290895931,56985.40333333333,22391.59034570673,0.6102671985245368,32918.81333333333,5.51697011016057,1.0953392004766311,1,0,1,0,0.24109567626451783
45658,791250515,ALL,ALL,ALL,collections_aed,14687.59,0.0,0.0,0.0,0.0,0.0,0.0,0.0,0.0,0.0,0,0,1,0,0.3215534225711261
45689,791250515,ALL,ALL,ALL,collections_aed,58079.49,14687.59,14687.59,0.0,14687.59,0.0,2.9543240245676787,43391.9,0.0,0.0,1,0,1,0,0.18634135688185854
45717,791250515,ALL,ALL,ALL,collections_aed,32518.24,58079.49,36383.54,30682.70673856855,36383.54,30682.70673856855,-0.4401080312516517,-3865.2999999999993,-0.1259764998223337,-0.1259764998223337,0,0,1,0,0.272288519552518
45748,791250515,ALL,ALL,ALL,collections_aed,34615.66,32518.24,35095.10666666667,21810.42016481648,35095.10666666667,21810.42016481648,0.0644998007272226,-479.4466666666631,-0.0219824589826143,-0.0219824589826143,0,0,1,0,0.30173892251295503
45778,791250515,ALL,ALL,ALL,collections_aed,24364.11,34615.66,41737.79666666667,14191.123930634718,34975.244999999995,17809.746932146452,-0.2961535328230056,-17373.68666666667,-1.2242643184280615,-0.5958049286397764,0,0,1,0,0.2813075648766921
45809,791250515,ALL,ALL,ALL,collections_aed,13210.04,24364.11,30499.336666666662,5415.768399094767,32853.018,16137.210153492148,-0.4578074060575165,-17289.296666666665,-3.19239956227754,-1.2172474556111044,1,0,1,0,0.250481704391583
45839,791250515,ALL,ALL,ALL,collections_aed,24013.4,13210.04,24063.27,10705.98059148718,29579.18833333333,16511.67481960739,0.8178143291011988,-49.86999999999898,-0.0046581440694608,-0.3370819976859062,1,0,1,0,0.2670865594743845
45870,791250515,ALL,ALL,ALL,collections_aed,30540.24,24013.4,20529.18333333333,6340.989175707011,31133.49,15217.754128427756,0.2717999117159586,10011.056666666673,1.5787846957727147,-0.0389840705135175,0,0,1,0,0.2749888364287711
45901,791250515,ALL,ALL,ALL,collections_aed,45216.11,30540.24,22587.89333333333,8752.600182376293,26543.615,7820.019412190103,0.4805420651573137,22628.21666666667,2.585313643393592,2.387781157025352,1,0,1,0,0.2436148415931449
45931,791250515,ALL,ALL,ALL,collections_aed,31950.29,45216.11,33256.583333333336,10859.21814240941,28659.926666666663,10879.860231149418,-0.2933870251111827,-1306.2933333333349,-0.1202934977640571,0.3024269855887403,0,0,1,0,0.29786406125848247
45962,791250515,ALL,ALL,ALL,collections_aed,15230.67,31950.29,35902.21333333333,8096.824290339623,28215.698333333334,10639.81664974997,-0.5233010404600397,-20671.54333333333,-2.553043340460864,-1.220418430202787,1,0,1,0,0.2502921368712511
45992,791250515,ALL,ALL,ALL,collections_aed,24864.24,15230.67,30799.02333333333,15025.834892002962,26693.45833333333,11881.93108988504,0.6325112421186988,-5934.783333333329,-0.394971951707784,-0.1539495827315918,1,0,1,0,0.2687237762773795
46023,791250515,ALL,ALL,ALL,collections_aed,30604.39,24864.24,24015.066666666666,8392.094181349106,28635.825,10047.966682633358,0.2308596602992891,6589.323333333334,0.7851822430660614,0.1959167523318339,0,0,1,0,0.29118592447393465
46054,791250515,ALL,ALL,ALL,collections_aed,25799.08,30604.39,23566.43333333333,7768.593390545904,29734.32333333333,9798.738857885064,-0.1570137486811532,2232.646666666671,0.2873939405019859,-0.401607124182785,0,0,1,0,0.30024990927618744
46082,791250515,ALL,ALL,ALL,collections_aed,58827.15,25799.08,27089.236666666664,3079.8877697139446,28944.13,9911.272586502706,1.280203402601953,31737.913333333338,10.304892809870504,3.0150537924559826,1,0,1,0,0.1802739133909494
46113,791250515,ALL,ALL,ALL,collections_aed,28438.85,58827.15,38410.206666666665,17844.086761625927,31212.63666666667,14754.71068940041,-0.5165693051592675,-9971.356666666668,-0.5588045384373648,-0.1879932941456671,1,0,1,0,0.26760918969235614
46143,791250515,ALL,ALL,ALL,collections_aed,25924.78,28438.85,37688.35999999999,18354.24823879476,30627.396666666664,14789.199860208351,-0.0884026604451305,-11763.579999999994,-0.6409186498380093,-0.3179764092119324,0,0,1,0,0.298660145383629
46174,791250515,ALL,ALL,ALL,collections_aed,25155.0,25924.78,37730.26,18313.63461318644,32409.748333333333,13111.803149906453,-0.0296928267086547,-12575.260000000002,-0.6866610733265034,-0.5532990581379414,0,0,1,0,0.29226179184928286
45658,791250515,ALL,ALL,ALL,gross_margin_pct,0.3207,0.0,0.0,0.0,0.0,0.0,0.0,0.0,0.0,0.0,0,0,1,0,0.3223924311073898
45689,791250515,ALL,ALL,ALL,gross_margin_pct,0.3095,0.3207,0.3207,0.0,0.3207,0.0,-0.0349236046149048,-0.0111999999999999,0.0,0.0,0,0,1,0,0.3267350364760956
45717,791250515,ALL,ALL,ALL,gross_margin_pct,0.3145,0.3095,0.3151,0.0079195959492893,0.3151,0.0079195959492893,0.0161550888529887,-0.0005999999999999,-0.0757614408414145,-0.0757614408414145,0,0,1,0,0.3276256979117508
45748,791250515,ALL,ALL,ALL,gross_margin_pct,0.3106,0.3145,0.3149,0.0056107040556422,0.3149,0.0056107040556422,-0.0124006359300477,-0.0043,-0.7663922312344885,-0.7663922312344885,0,0,1,0,0.31608065292830306
45778,791250515,ALL,ALL,ALL,gross_margin_pct,0.3413,0.3106,0.3115333333333333,0.0026274195198585,0.313825,0.0050605500359809,0.0988409529942047,0.0297666666666666,11.329240131499567,5.429251722569759,1,0,1,0,0.19023708780609128
45809,791250515,ALL,ALL,ALL,gross_margin_pct,0.3242,0.3413,0.3221333333333333,0.0167129690161063,0.31932,0.0130453823247921,-0.0501025490770583,0.0020666666666666,0.1236564649090777,0.3740787259815125,0,0,1,0,0.3232425145495997
45839,791250515,ALL,ALL,ALL,gross_margin_pct,0.326,0.3242,0.3253666666666666,0.0153832159619934,0.3201333333333333,0.0118370041254815,0.0055521283158544,0.0006333333333333,0.0411704116290194,0.4956209024239091,0,0,1,0,0.32458895475064825
45870,791250515,ALL,ALL,ALL,gross_margin_pct,0.3281,0.326,0.3305,0.0093962758580193,0.3210166666666667,0.0120829494191884,0.006441717791411,-0.0024,-0.255420342725646,0.5862255222292471,0,0,1,0,0.3217295150392311
45901,791250515,ALL,ALL,ALL,gross_margin_pct,0.3257,0.3281,0.3261,0.0019519221295936,0.3241166666666666,0.0108615683336554,-0.0073148430356599,-0.0004,-0.204926207831499,0.1457739144748772,0,0,1,0,0.3259042826012663
45931,791250515,ALL,ALL,ALL,gross_margin_pct,0.2956,0.3257,0.3266,0.0013076696830611,0.3259833333333333,0.0097876282452219,-0.092416334049739,-0.031,-23.706292499976524,-3.104259027018676,1,0,1,0,0.1411642994417398
45962,791250515,ALL,ALL,ALL,gross_margin_pct,0.2865,0.2956,0.3164666666666666,0.0181108623023127,0.3234833333333333,0.015019909009933,-0.0307848443843031,-0.0299666666666666,-1.654623958067414,-2.4622874418796648,0,0,1,0,0.28058531140922455
45992,791250515,ALL,ALL,ALL,gross_margin_pct,0.3466,0.2865,0.3026,0.020516091245654,0.3143499999999999,0.0183183787492234,0.2097731239092497,0.044,2.144658038081237,1.7605269790246738,0,0,1,0,0.2791563150763191
46023,791250515,ALL,ALL,ALL,gross_margin_pct,0.3107,0.3466,0.3095666666666666,0.0323929519082984,0.3180833333333333,0.0225265547003235,-0.1035776110790537,0.0011333333333333,0.0349870347272358,-0.3277613213185821,0,0,1,0,0.3170492176355531
46054,791250515,ALL,ALL,ALL,gross_margin_pct,0.3053,0.3107,0.3146,0.0302392129527208,0.3155333333333333,0.0223161525955229,-0.0173801094303185,-0.0092999999999999,-0.307547686989756,-0.4585617206877457,0,0,1,0,0.3196134055467095
46082,791250515,ALL,ALL,ALL,gross_margin_pct,0.2785,0.3053,0.3208666666666667,0.0224486822181911,0.3117333333333333,0.0216804673996356,-0.0877825090075335,-0.0423666666666666,-1.887267424202524,-1.5328697818522026,0,0,1,0,0.29141497232699176
46113,791250515,ALL,ALL,ALL,gross_margin_pct,0.1452,0.2785,0.2981666666666667,0.0172445160365067,0.3038666666666667,0.0240345307145087,-0.4786355475763016,-0.1529666666666667,-8.870452864135803,-6.6016128440937605,1,1,1,0,0.14966209125134045
46143,791250515,ALL,ALL,ALL,gross_margin_pct,0.2963,0.1452,0.243,0.0857507434370106,0.2788,0.0696060916874377,1.040633608815427,0.0532999999999999,0.621568955132759,0.2514147767207329,1,0,1,0,0.24482799355075602
46174,791250515,ALL,ALL,ALL,gross_margin_pct,0.302,0.2963,0.24,0.0825802034388389,0.2804333333333333,0.0699371050778244,0.0192372595342557,0.062,0.7507852659374815,0.3083723102731766,0,0,1,0,0.29949187538993477
45658,791250515,ALL,ALL,ALL,sales_aed,116944.47,0.0,0.0,0.0,0.0,0.0,0.0,0.0,0.0,0.0,0,0,1,0,0.3132041756400359
45689,791250515,ALL,ALL,ALL,sales_aed,92527.2,116944.47,116944.47,0.0,116944.47,0.0,-0.2087937120925855,-24417.270000000004,0.0,0.0,0,0,1,0,0.2508615113554035
45717,791250515,ALL,ALL,ALL,sales_aed,75934.06,92527.2,104735.835,17265.61719506285,104735.835,17265.61719506285,-0.1793325638298792,-28801.774999999998,-1.6681578581642562,-1.6681578581642562,0,0,1,0,0.24592214124660117
45748,791250515,ALL,ALL,ALL,sales_aed,54660.66,75934.06,95135.24333333332,20629.223194619648,95135.24333333332,20629.223194619648,-0.2801562302871728,-40474.58333333333,-1.962002298946942,-1.962002298946942,0,0,1,0,0.24791916124895452
45778,791250515,ALL,ALL,ALL,sales_aed,36199.87,54660.66,74373.97333333333,18981.415007805223,85016.5975,26329.79061337224,-0.3377344876552899,-38174.103333333325,-2.011130535718017,-1.8540492105245687,0,0,1,0,0.2488918483216751
45809,791250515,ALL,ALL,ALL,sales_aed,55581.57,36199.87,55598.19666666666,19883.679111020523,75253.25200000001,31568.306607575105,0.535408000083978,-16.62666666666337,-0.0008361966904529,-0.6231465705315852,1,0,1,0,0.25869973813814245
45839,791250515,ALL,ALL,ALL,sales_aed,82641.7,55581.57,48814.03333333333,10933.885688858933,71974.63833333334,29355.44636191752,0.4868543655747759,33827.666666666664,3.0938376007657844,0.3633758974452153,1,0,1,0,0.25056994294690504
45870,791250515,ALL,ALL,ALL,sales_aed,93602.72,82641.7,58141.04666666667,23326.467457432,66257.51,20995.705569141515,0.1326330411886493,35461.67333333333,1.5202333314312009,1.3024191975806083,0,0,1,0,0.25811979816852054
45901,791250515,ALL,ALL,ALL,sales_aed,86811.81,93602.72,77275.33,19570.396190759668,66436.76333333334,21267.67203261012,-0.0725503489642181,9536.479999999996,0.4872911057622189,0.958029004557961,0,0,1,0,0.28369312370688116
45931,791250515,ALL,ALL,ALL,sales_aed,73077.08,86811.81,87685.40999999999,5532.483400797547,68249.72166666666,22657.41531427221,-0.1582126901858168,-14608.329999999987,-2.640465219993989,0.2130586506172449,1,0,1,0,0.2514486790196804
45962,791250515,ALL,ALL,ALL,sales_aed,44906.87,73077.08,84497.20333333332,10456.745543831206,71319.125,21674.43523683581,-0.3854862564295125,-39590.33333333332,-3.786104688823477,-1.2185902290599129,1,0,1,0,0.23883385843611976
45992,791250515,ALL,ALL,ALL,sales_aed,87167.19,44906.87,68265.25333333334,21362.847563080955,72770.29166666667,18976.382945347003,0.9410658101978604,18901.93666666666,0.8848041727982362,0.7586745258460038,1,0,1,0,0.26045152082642814
46023,791250515,ALL,ALL,ALL,sales_aed,70739.62,87167.19,68383.71333333333,21517.537722203117,78034.56166666666,17584.418362465567,-0.1884604746350089,2355.906666666662,0.109487744233658,-0.4148525994034538,0,0,1,0,0.2935658488917775
46054,791250515,ALL,ALL,ALL,sales_aed,106273.45,70739.62,67604.56,21303.875528370438,76050.88166666667,17632.012806110833,0.5023186440639631,38668.89,1.8151105862642,1.714073637858232,1,0,1,0,0.24954448369973276
46082,791250515,ALL,ALL,ALL,sales_aed,56002.07,106273.45,88060.08666666667,17783.73461790952,78162.67,20654.384938646795,-0.4730379977313242,-32058.01666666667,-1.802659416340025,-1.0729247114270102,0,0,1,0,0.24810307766785772
46113,791250515,ALL,ALL,ALL,sales_aed,65261.03,56002.07,77671.71333333333,25842.665308799584,73027.71333333333,21868.22341105072,0.1653324600322809,-12410.683333333334,-0.4802400675408438,-0.3551584043817926,0,0,1,0,0.28786151946406285
46143,791250515,ALL,ALL,ALL,sales_aed,57166.28,65261.03,75845.51666666666,26754.93282132724,71725.03833333333,22096.30347264847,-0.124036503867622,-18679.236666666664,-0.698160477225225,-0.6588775516843639,0,0,1,0,0.2823386435656717
46174,791250515,ALL,ALL,ALL,sales_aed,61146.39,57166.28,59476.45999999999,5043.290968673234,73768.27333333333,19539.332494427403,0.0696233863739253,1669.9300000000076,0.3311191066255939,-0.6459731076756628,0,0,1,0,0.2952147886634296
45658,855049662,ALL,ALL,ALL,collections_aed,173330.6,0.0,0.0,0.0,0.0,0.0,0.0,0.0,0.0,0.0,0,0,1,0,0.3073978946474611
45689,855049662,ALL,ALL,ALL,collections_aed,37266.97,173330.6,173330.6,0.0,173330.6,0.0,-0.7849948595343235,-136063.63,0.0,0.0,1,0,1,0,0.17745329506263863
45717,855049662,ALL,ALL,ALL,collections_aed,85704.97,37266.97,105298.785,96211.51544585737,105298.785,96211.51544585737,1.299756862444143,-19593.815,-0.203653532627561,-0.203653532627561,1,0,1,0,0.18603697012048004
45748,855049662,ALL,ALL,ALL,collections_aed,134688.16,85704.97,98767.51333333337,68965.93638127184,98767.51333333337,68965.93638127184,0.571532666075258,35920.64666666665,0.5208462112090041,0.5208462112090041,1,0,1,0,0.22430879217991195
45778,855049662,ALL,ALL,ALL,collections_aed,56105.5,134688.16,85886.7,48710.849249409526,107747.675,59105.33084983367,-0.5834414843888283,-29781.2,-0.6113874107904412,-0.8737312566814831,1,0,1,0,0.2214416585330199
45809,855049662,ALL,ALL,ALL,collections_aed,94741.98,56105.5,92166.21,39687.77305319739,97419.24,56155.70272819449,0.6886397946725364,2575.769999999989,0.0649008448155414,-0.0476756566106654,1,0,1,0,0.24682924939523937
45839,855049662,ALL,ALL,ALL,collections_aed,57179.61,94741.98,95178.54666666668,39293.148970396025,96973.03,50239.078209124025,-0.3964701814338269,-37998.93666666668,-0.967062647366226,-0.7920810137948161,0,0,1,0,0.23976564640429898
45870,855049662,ALL,ALL,ALL,collections_aed,68271.68,57179.61,69342.36333333333,22003.268465917397,77614.53166666668,34998.154034674124,0.19398645776003,-1070.6833333333343,-0.0486601949611168,-0.2669526986312002,0,0,1,0,0.2852224070483841
45901,855049662,ALL,ALL,ALL,collections_aed,133800.03,68271.68,73397.75666666667,19298.715151497385,82781.98333333334,29743.91276758905,0.9598174528589308,60402.27333333333,3.129859830520724,1.715243285754231,1,0,1,0,0.22161712720781285
45931,855049662,ALL,ALL,ALL,collections_aed,98484.25,133800.03,86417.10666666667,41407.9047034577,90797.82666666666,36420.53404932754,-0.2639444849152874,12067.143333333326,0.2914212496322152,0.2110464202123708,0,0,1,0,0.2532778276513498
45962,855049662,ALL,ALL,ALL,collections_aed,260010.17,98484.25,100185.32,32797.27721609373,84763.84166666666,30154.742233545563,1.640119308417336,159824.85000000003,4.873113366910027,5.811567778496248,1,0,1,0,0.1188975835155407
45992,855049662,ALL,ALL,ALL,collections_aed,37964.78,260010.17,164098.15,84918.41828845142,118747.95333333332,74171.42086876069,-0.8539873267264892,-126133.37,-1.4853476141247637,-1.0891415101278905,1,0,1,0,0.16033522179151122
46023,855049662,ALL,ALL,ALL,collections_aed,30409.06,37964.78,132153.06666666665,114787.76379415725,109285.08666666668,81141.05943758701,-0.1990191962129109,-101744.00666666664,-0.8863663103422657,-0.9720852452923344,0,0,1,0,0.17579561525132031
46054,855049662,ALL,ALL,ALL,collections_aed,124822.12,30409.06,109461.33666666668,130433.83625309974,104823.32833333335,85213.09851516946,3.104767460750184,15360.783333333326,0.1177668600003956,0.2346915206129548,1,0,1,0,0.14599341166838276
46082,855049662,ALL,ALL,ALL,collections_aed,108331.0,124822.12,64398.65333333332,52464.451957424826,114248.40166666666,83471.30934757246,-0.1321169677297581,43932.34666666668,0.8373735935013293,-0.070891444173072,0,0,1,0,0.22078212387321167
46113,855049662,ALL,ALL,ALL,collections_aed,149128.25,108331.0,87854.05999999998,50427.52500830873,110003.56333333332,82923.98323541114,0.3765981113439366,61274.19000000002,1.2150941373764452,0.4718138847189292,0,0,1,0,0.2110778465301857
46143,855049662,ALL,ALL,ALL,collections_aed,209586.08,149128.25,127427.12333333334,20522.997677377225,118444.22999999998,84086.27995405719,0.4054082978912445,82158.95666666665,4.003262971531277,1.0839086953281536,1,0,1,0,0.1882884851297204
46174,855049662,ALL,ALL,ALL,collections_aed,157689.63,209586.08,155681.77666666664,50944.669400042505,110040.215,68109.71887649801,-0.2476140113885425,2007.8533333333617,0.0394124322913299,0.6995978809779222,0,0,1,0,0.23357130438521734
45658,855049662,ALL,ALL,ALL,gross_margin_pct,0.9524,0.0,0.0,0.0,0.0,0.0,0.0,0.0,0.0,0.0,0,0,1,0,0.3210276769044035
45689,855049662,ALL,ALL,ALL,gross_margin_pct,0.9524,0.9524,0.9524,0.0,0.9524,0.0,0.0,0.0,0.0,0.0,0,0,1,0,0.31989967573285855
45717,855049662,ALL,ALL,ALL,gross_margin_pct,0.9524,0.9524,0.9524,0.0,0.9524,0.0,0.0,0.0,0.0,0.0,0,0,1,0,0.31989967573285855
45748,855049662,ALL,ALL,ALL,gross_margin_pct,0.9524,0.9524,0.9524,0.0,0.9524,0.0,0.0,0.0,0.0,0.0,0,0,1,0,0.31989967573285855
45778,855049662,ALL,ALL,ALL,gross_margin_pct,0.9524,0.9524,0.9524,0.0,0.9524,0.0,0.0,0.0,0.0,0.0,0,0,1,0,0.31989967573285855
45809,855049662,ALL,ALL,ALL,gross_margin_pct,0.9524,0.9524,0.9524,0.0,0.9524,0.0,0.0,0.0,0.0,0.0,0,0,1,0,0.31989967573285855
45839,855049662,ALL,ALL,ALL,gross_margin_pct,0.9524,0.9524,0.9524,0.0,0.9524,0.0,0.0,0.0,0.0,0.0,0,0,1,0,0.31989967573285855
45870,855049662,ALL,ALL,ALL,gross_margin_pct,0.9524,0.9524,0.9524,0.0,0.9524,0.0,0.0,0.0,0.0,0.0,0,0,1,0,0.31989967573285855
45901,855049662,ALL,ALL,ALL,gross_margin_pct,0.9524,0.9524,0.9524,0.0,0.9524,0.0,0.0,0.0,0.0,0.0,0,0,1,0,0.31989967573285855
45931,855049662,ALL,ALL,ALL,gross_margin_pct,0.9524,0.9524,0.9524,0.0,0.9524,0.0,0.0,0.0,0.0,0.0,0,0,1,0,0.31989967573285855
45962,855049662,ALL,ALL,ALL,gross_margin_pct,0.9524,0.9524,0.9524,0.0,0.9524,0.0,0.0,0.0,0.0,0.0,0,0,1,0,0.31989967573285855
45992,855049662,ALL,ALL,ALL,gross_margin_pct,0.9524,0.9524,0.9524,0.0,0.9524,0.0,0.0,0.0,0.0,0.0,0,0,1,0,0.31989967573285855
46023,855049662,ALL,ALL,ALL,gross_margin_pct,0.9524,0.9524,0.9524,0.0,0.9524,0.0,0.0,0.0,0.0,0.0,0,0,1,0,0.31989967573285855
46054,855049662,ALL,ALL,ALL,gross_margin_pct,0.9524,0.9524,0.9524,0.0,0.9524,0.0,0.0,0.0,0.0,0.0,0,0,1,0,0.31989967573285855
46082,855049662,ALL,ALL,ALL,gross_margin_pct,0.9524,0.9524,0.9524,0.0,0.9524,0.0,0.0,0.0,0.0,0.0,0,0,1,0,0.31989967573285855
46113,855049662,ALL,ALL,ALL,gross_margin_pct,0.9524,0.9524,0.9524,0.0,0.9524,0.0,0.0,0.0,0.0,0.0,0,0,1,0,0.31989967573285855
46143,855049662,ALL,ALL,ALL,gross_margin_pct,0.9524,0.9524,0.9524,0.0,0.9524,0.0,0.0,0.0,0.0,0.0,0,0,1,0,0.31989967573285855
46174,855049662,ALL,ALL,ALL,gross_margin_pct,0.9524,0.9524,0.9524,0.0,0.9524,0.0,0.0,0.0,0.0,0.0,0,0,1,0,0.31989967573285855
45658,855049662,ALL,ALL,ALL,sales_aed,313992.8,0.0,0.0,0.0,0.0,0.0,0.0,0.0,0.0,0.0,0,0,1,0,0.2822897777832535
45689,855049662,ALL,ALL,ALL,sales_aed,195205.4,313992.8,313992.8,0.0,313992.8,0.0,-0.3783124963374956,-118787.4,0.0,0.0,0,0,1,0,0.15389962031252424
45717,855049662,ALL,ALL,ALL,sales_aed,238457.19,195205.4,254599.1,83995.37605951888,254599.1,83995.37605951888,0.2215706635164806,-16141.909999999974,-0.1921761739427401,-0.1921761739427401,0,0,1,0,0.22740975808812852
45748,855049662,ALL,ALL,ALL,sales_aed,274893.35,238457.19,249218.46333333332,60120.4237552101,249218.46333333332,60120.4237552101,0.1527995863743927,25674.88666666663,0.4270576463533594,0.4270576463533594,0,0,1,0,0.23385577080613024
45778,855049662,ALL,ALL,ALL,sales_aed,81312.91,274893.35,236185.31333333327,39892.523253011095,255637.185,50738.97436560872,-0.704201975056872,-154872.40333333332,-3.882241350116742,-3.4357075045284797,1,0,1,0,0.12453781572072697
45809,855049662,ALL,ALL,ALL,sales_aed,241979.91,81312.91,198221.15,102871.52605949616,220772.33,89490.91132964593,1.9759100984087277,43758.76000000001,0.4253729061498704,0.2369802663186704,1,0,1,0,0.177218971338636
45839,855049662,ALL,ALL,ALL,sales_aed,164861.14,241979.91,199395.39,103578.12363318422,224306.92666666667,80509.99198897307,-0.3186990605955676,-34534.25,-0.3334125854828283,-0.7383653283037037,0,0,1,0,0.21304098173471514
45870,855049662,ALL,ALL,ALL,sales_aed,367515.16,164861.14,162717.9866666667,80354.93794352426,199451.65,69559.8031310029,1.2292406809755163,204797.17333333328,2.5486569783336845,2.4161010013712048,1,0,1,0,0.15219169587936276
45901,855049662,ALL,ALL,ALL,sales_aed,64143.77,367515.16,258118.73666666663,102286.40794442156,228169.94333333336,97438.90555697014,-0.8254663290624528,-193974.96666666667,-1.896390444877731,-1.6833745452675604,1,0,1,0,0.12526192425954785
45931,855049662,ALL,ALL,ALL,sales_aed,600549.27,64143.77,198840.02333333332,154513.66752513588,199117.7066666667,117648.85459967772,8.362550252347189,401709.2466666667,2.5998298603669974,3.412116205459709,1,0,1,0,6.415138508786278e-05
45962,855049662,ALL,ALL,ALL,sales_aed,283268.23,600549.27,344069.4,268970.2452949874,253393.69333333336,203438.60031415027,-0.5283180845428387,-60801.169999999984,-0.2260516583658448,0.1468479266989367,1,0,1,0,0.09813485840293945
45992,855049662,ALL,ALL,ALL,sales_aed,131622.04,283268.23,315987.09,269695.3984726792,287052.91333333333,185159.0418485076,-0.535344856710546,-184365.05,-0.6836047297954795,-0.8394452238551922,1,0,1,0,0.09717820378376063
46023,855049662,ALL,ALL,ALL,sales_aed,308608.81,131622.04,338479.8466666667,239289.4245888824,268659.935,195712.40366166888,1.3446590707756845,-29871.03666666668,-0.1248322474676322,0.2041203023036815,1,0,1,0,0.11065565780871556
46054,855049662,ALL,ALL,ALL,sales_aed,218455.97,308608.81,241166.36,95710.5259722299,292617.88,189153.1383475916,-0.2921265922382449,-22710.389999999985,-0.2372820519927905,-0.3920733784692412,0,0,1,0,0.1851187949969031
46082,855049662,ALL,ALL,ALL,sales_aed,239372.02,218455.97,219562.2733333333,88498.57128257625,267774.6816666667,187126.60316298652,0.0957449228785095,19809.746666666677,0.2238425590331179,-0.1517831307071186,0,0,1,0,0.19356014771314778
46113,855049662,ALL,ALL,ALL,sales_aed,295856.16,239372.02,255478.9333333333,47185.35930627237,296979.39,160813.86826211982,0.2359680133041446,40377.226666666655,0.8557151468230801,-0.0069846587992599,0,0,1,0,0.1880777912177618
46143,855049662,ALL,ALL,ALL,sales_aed,295560.54,295856.16,251228.05,40038.99897012526,246197.205,65846.95717997188,-0.0009992017742675,44332.49000000002,1.1072327265993414,0.7496676705209159,0,0,1,0,0.2127039974913556
46174,855049662,ALL,ALL,ALL,sales_aed,278461.9,295560.54,276929.5733333333,32526.13114229424,248245.9233333333,67403.86237630725,-0.0578515657063015,1532.326666666719,0.047110634214784,0.4482825701882587,0,0,1,0,0.22291565576754852
45658,903438347,ALL,ALL,ALL,collections_aed,165319.64,0.0,0.0,0.0,0.0,0.0,0.0,0.0,0.0,0.0,0,0,1,0,0.30811697799912574
45689,903438347,ALL,ALL,ALL,collections_aed,193366.0,165319.64,165319.64,0.0,165319.64,0.0,0.1696492927277121,28046.359999999982,0.0,0.0,0,0,1,0,0.23562649701382854
45717,903438347,ALL,ALL,ALL,collections_aed,265899.08,193366.0,179342.82,19831.771343599128,179342.82,19831.771343599128,0.375107723177808,86556.26000000001,4.364524908055516,4.364524908055516,1,0,1,0,0.1582299430750278
45748,903438347,ALL,ALL,ALL,collections_aed,176810.63,265899.08,208194.90666666665,51903.547974824745,208194.90666666665,51903.547974824745,-0.3350461009492774,-31384.276666666643,-0.6046653435308362,-0.6046653435308362,0,0,1,0,0.22517713551767138
45778,903438347,ALL,ALL,ALL,collections_aed,190818.5,176810.63,212025.23666666663,47384.73715857918,200348.8375,45191.02492445182,0.0792252705620696,-21206.736666666664,-0.4475436171714019,-0.210890049870132,0,0,1,0,0.2416445643046033
45809,903438347,ALL,ALL,ALL,collections_aed,249596.59,190818.5,211176.07,47906.27279469047,198442.77,39367.96942775434,0.308031401567458,38420.52000000002,0.8019935127213283,1.299376644098302,0,0,1,0,0.21987862606638942
45839,903438347,ALL,ALL,ALL,collections_aed,468932.11,249596.59,205741.90666666665,38619.68465930856,206968.40666666665,40938.83849016416,0.8787600824193952,263190.20333333337,6.81492367571407,6.398904145662851,1,0,1,0,0.07650423094014647
45870,903438347,ALL,ALL,ALL,collections_aed,316444.92,468932.11,303115.73333333334,146577.6894488327,257570.485,109459.47432174352,-0.3251796725969565,13329.186666666646,0.0909359856659467,0.5378651356112434,0,0,1,0,0.16895762120179275
45901,903438347,ALL,ALL,ALL,collections_aed,302487.82,316444.92,344991.2066666666,112419.68442074215,278083.63833333337,106513.97001178304,-0.0441059379306831,-42503.3866666666,-0.3780777973685937,0.2291171915192622,0,0,1,0,0.19114187274785466
45931,903438347,ALL,ALL,ALL,collections_aed,328437.45,302487.82,362621.6166666667,92331.68960159375,284181.76166666666,106724.04322388192,0.0857873550082115,-34184.166666666686,-0.3702322226980738,0.4146740228019223,0,0,1,0,0.18644837495982297
45962,903438347,ALL,ALL,ALL,collections_aed,153303.66,328437.45,315790.0633333333,12987.20340275941,309452.8983333333,93325.59236799892,-0.5332333142886111,-162486.4033333333,-12.511269616275476,-1.6731663241697938,1,0,1,0,0.08056987031185492
45992,903438347,ALL,ALL,ALL,collections_aed,296289.56,153303.66,261409.6433333333,94517.31877616096,303200.425,103558.90553849375,0.93269723632169,34879.91666666666,0.3690320157014867,-0.0667336620068002,1,0,1,0,0.1804150025800385
46023,903438347,ALL,ALL,ALL,collections_aed,208794.57,296289.56,259343.55666666667,93229.37558340198,310982.58666666667,100432.3167797672,-0.2953023049479029,-50548.98666666666,-0.5422002062155409,-1.0174814237408207,0,0,1,0,0.19626304551936208
46054,903438347,ALL,ALL,ALL,collections_aed,339616.92,208794.57,219462.59666666668,72087.42604936744,267626.33,70212.53469989817,0.6265601160030166,120154.3233333333,1.666786150070726,1.0253239013190671,1,0,1,0,0.18598683831780105
46082,903438347,ALL,ALL,ALL,collections_aed,191280.25,339616.92,281567.01666666666,66642.22967857568,271488.33,73971.48126120231,-0.436776442116017,-90286.76666666666,-1.3547981077783822,-1.0843108537569437,0,0,1,0,0.1714224640637984
46113,903438347,ALL,ALL,ALL,collections_aed,214813.3,191280.25,246563.91333333333,81060.68337082796,252953.735,78447.53743238111,0.1230291679355291,-31750.613333333346,-0.3916894357784272,-0.4861903413204739,0,0,1,0,0.2235453645474495
46143,903438347,ALL,ALL,ALL,collections_aed,313673.3,214813.3,248570.15666666665,79721.9288883719,234016.37666666668,69821.54531939515,0.4602135901268683,65103.14333333334,0.8166277991654209,1.1408645135100737,0,0,1,0,0.1956232267956467
46174,903438347,ALL,ALL,ALL,collections_aed,260615.4,313673.3,239922.28333333333,64945.05720299908,260744.65,63118.17517145505,-0.1691501954422005,20693.11666666664,0.3186249663617366,-0.0020477461467937,0,0,1,0,0.22392108203037414
45658,903438347,ALL,ALL,ALL,gross_margin_pct,0.3064,0.0,0.0,0.0,0.0,0.0,0.0,0.0,0.0,0.0,0,0,1,0,0.3223924311073898
45689,903438347,ALL,ALL,ALL,gross_margin_pct,0.3274,0.3064,0.3064,0.0,0.3064,0.0,0.0685378590078329,0.021,0.0,0.0,0,0,1,0,0.3255165672551566
45717,903438347,ALL,ALL,ALL,gross_margin_pct,0.3157,0.3274,0.3169,0.0148492424049175,0.3169,0.0148492424049175,-0.0357361026267563,-0.0012,-0.0808122035641791,-0.0808122035641791,0,0,1,0,0.3271352713811974
45748,903438347,ALL,ALL,ALL,gross_margin_pct,0.2933,0.3157,0.3165,0.0105228323183447,0.3165,0.0105228323183447,-0.0709534368070952,-0.0232,-2.2047296106348515,-2.2047296106348515,0,0,1,0,0.2866746964736369
45778,903438347,ALL,ALL,ALL,gross_margin_pct,0.3132,0.2933,0.3121333333333333,0.0173275310801433,0.3107,0.0144353732199759,0.0678486191612682,0.0010666666666666,0.0615590681518971,0.1731856850462617,0,0,1,0,0.32361173717343505
45809,903438347,ALL,ALL,ALL,gross_margin_pct,0.3089,0.3132,0.3073999999999999,0.0122747708736252,0.3112,0.0125512947539287,-0.013729246487867,0.0015,0.1222018737003962,-0.1832480270037546,0,0,1,0,0.32674768003986804
45839,903438347,ALL,ALL,ALL,gross_margin_pct,0.3377,0.3089,0.3051333333333333,0.0104710712600637,0.3108166666666667,0.0112654190630738,0.093234056328909,0.0325666666666666,3.1101561490537004,2.386358925736946,1,0,1,0,0.26405155046989226
45870,903438347,ALL,ALL,ALL,gross_margin_pct,0.3271,0.3377,0.3199333333333333,0.0155358724677222,0.3160333333333333,0.0153262737371699,-0.0313888066331063,0.0071666666666666,0.4612979851344877,0.722071578287635,0,0,1,0,0.315751511712317
45901,903438347,ALL,ALL,ALL,gross_margin_pct,0.3153,0.3271,0.3245666666666666,0.0145661708534992,0.3159833333333333,0.0152822009758629,-0.0360745949250992,-0.0092666666666666,-0.6361772603017698,-0.0447143271059309,0,0,1,0,0.32522388659038376
45931,903438347,ALL,ALL,ALL,gross_margin_pct,0.3015,0.3153,0.3267,0.011205355862265,0.3159166666666667,0.0152845564759552,-0.043767840152236,-0.0252,-2.2489245598047485,-0.9432178610708196,0,0,1,0,0.3030254491465879
45962,903438347,ALL,ALL,ALL,gross_margin_pct,0.3297,0.3015,0.3146333333333333,0.0128130142173234,0.3172833333333333,0.01306298842787,0.0935323383084577,0.0150666666666666,1.1758877662288276,0.9505226721456458,0,0,1,0,0.3064484786000962
45992,903438347,ALL,ALL,ALL,gross_margin_pct,0.3215,0.3297,0.3155,0.0141010637896578,0.3200333333333333,0.0137501515143167,-0.0248710949347891,0.0059999999999999,0.4254998126028297,0.1066654912958283,0,0,1,0,0.3231327408224907
46023,903438347,ALL,ALL,ALL,gross_margin_pct,0.2959,0.3215,0.3175666666666666,0.0145056310904879,0.3221333333333333,0.012625952109313,-0.0796267496111975,-0.0216666666666666,-1.493672804134281,-2.07773109752122,0,0,1,0,0.2907891629372137
46054,903438347,ALL,ALL,ALL,gross_margin_pct,0.3166,0.2959,0.3157,0.0176306551211235,0.3151666666666666,0.0137966179430564,0.0699560662385941,0.0008999999999999,0.0510474508075229,0.1038901953543411,0,0,1,0,0.3249006629064744
46082,903438347,ALL,ALL,ALL,gross_margin_pct,0.3421,0.3166,0.3113333333333333,0.0135883528557855,0.3134166666666667,0.0125937153638895,0.0805432722678459,0.0307666666666667,2.2641939750311395,2.277591044782401,0,0,1,0,0.2797302024713698
46113,903438347,ALL,ALL,ALL,gross_margin_pct,0.3656,0.3421,0.3182,0.0231415211254575,0.3178833333333333,0.0172770850164796,0.0686933645133001,0.0473999999999999,2.0482663928196168,2.7618470720698705,0,0,1,0,0.2709288405507446
46143,903438347,ALL,ALL,ALL,gross_margin_pct,0.3209,0.3656,0.3414333333333333,0.0245068017769215,0.3285666666666667,0.0237324812581125,-0.1222647702407001,-0.0205333333333332,-0.8378626276999498,-0.3230453058525405,0,0,1,0,0.3123431132887434
46174,903438347,ALL,ALL,ALL,gross_margin_pct,0.3005,0.3209,0.3428666666666666,0.022359859868374,0.3271,0.0239196153815231,-0.0635712059831724,-0.0423666666666666,-1.8947644089035809,-1.1120580149690606,0,0,1,0,0.29991708860539157
45658,903438347,ALL,ALL,ALL,sales_aed,676962.6,0.0,0.0,0.0,0.0,0.0,0.0,0.0,0.0,0.0,0,0,1,0,0.22167712886812097
45689,903438347,ALL,ALL,ALL,sales_aed,582958.59,676962.6,676962.6,0.0,676962.6,0.0,-0.1388614526120054,-94004.01,0.0,0.0,0,0,1,0,0.0639913902808853
45717,903438347,ALL,ALL,ALL,sales_aed,677390.63,582958.59,629960.595,66470.87292972802,629960.595,66470.87292972802,0.161987560728799,47430.03500000003,0.7135461429872048,0.7135461429872048,0,0,1,0,0.09661111578881132
45748,903438347,ALL,ALL,ALL,sales_aed,463024.72,677390.63,645770.6066666666,54397.22309751146,645770.6066666666,54397.22309751146,-0.3164583336501126,-182745.8866666666,-3.3594708748106443,-3.3594708748106443,1,0,1,0,0.051603154161572684
45778,903438347,ALL,ALL,ALL,sales_aed,351988.88,463024.72,574457.98,107435.47421736976,600084.135,101595.8661915443,-0.2398054255073033,-222469.1,-2.070722930397156,-2.441981788237844,0,0,1,0,0.06078573313137403
45809,903438347,ALL,ALL,ALL,sales_aed,878099.43,351988.88,497468.07666666666,165412.61541858313,550465.084,141603.46440363186,1.494679462601205,380631.3533333334,2.301102321428936,2.3137452701446533,1,0,1,0,0.035430780491710445
45839,903438347,ALL,ALL,ALL,sales_aed,1022391.62,878099.43,564371.01,277310.9817116854,605070.8083333333,184206.25310965005,0.1643232930922184,458020.61,1.65164973695919,2.265508388676977,0,0,-1,1,-0.0053268488144443404
45870,903438347,ALL,ALL,ALL,sales_aed,511117.0,1022391.62,750826.6433333334,352857.9460906343,662642.3116666666,252492.01198778715,-0.5000770839651444,-239709.64333333343,-0.6793375237517314,-0.6001192294114865,1,0,1,0,0.04352731114627917
45901,903438347,ALL,ALL,ALL,sales_aed,768839.34,511117.0,803869.3500000001,263596.3065876319,650668.7133333334,258654.71301445324,0.5042335512221272,-35030.010000000126,-0.1328926435027817,0.4568663191536873,1,0,1,0,0.0694782251708681
45931,903438347,ALL,ALL,ALL,sales_aed,1045817.53,768839.34,767449.32,255640.1443058901,665910.165,263198.6808120262,0.3602549656212962,278368.2100000001,1.0889064812407332,1.443424274878209,0,1,1,0,0.008762384690471192
45962,903438347,ALL,ALL,ALL,sales_aed,350551.59,1045817.53,775257.9566666667,267408.0462056169,763042.2999999999,280330.8474629219,-0.6648061636526593,-424706.3666666666,-1.5882333111999891,-1.4714424535621544,1,0,1,0,0.019639673271346858
45992,903438347,ALL,ALL,ALL,sales_aed,1064703.81,350551.59,721736.1533333333,350018.1630667714,762802.7516666666,280752.64830045105,2.0372243069843154,342967.65666666673,0.9798567413235648,1.0753275531358486,1,0,-1,1,-0.007764617167351551
46023,903438347,ALL,ALL,ALL,sales_aed,378008.29,1064703.81,820357.6433333334,406973.5479174803,793903.4816666666,305338.3828435177,-0.6449638984573559,-442349.3533333335,-1.086924090267965,-1.3620796304531682,1,0,-1,1,-0.004554748341240367
46054,903438347,ALL,ALL,ALL,sales_aed,772557.56,378008.29,597754.5633333334,404622.8698623548,686506.2599999999,321780.8701428906,1.0437582466776063,174802.9966666667,0.4320146232123049,0.2674220501728026,1,0,1,0,0.03368288413132803
46082,903438347,ALL,ALL,ALL,sales_aed,360908.46,772557.56,738423.2200000001,344617.97569547105,730079.6866666666,310794.5348905188,-0.5328393912810846,-377514.76000000007,-1.0954587010098364,-1.1878304964297772,1,0,1,0,0.036199829278519835
46113,903438347,ALL,ALL,ALL,sales_aed,487300.79,360908.46,503824.77,232886.42159300589,662091.2066666667,343516.1416832863,0.3502060605617278,-16523.98000000004,-0.0709529558957176,-0.5088273750693768,0,0,1,0,0.06662451265490066
46143,903438347,ALL,ALL,ALL,sales_aed,560682.03,487300.79,540255.6033333334,210871.7728243365,569005.0833333334,290286.87134663045,0.1505871558303856,20426.42666666664,0.0968665762756334,-0.0286718214114299,0,0,1,0,0.0903723695577684
46174,903438347,ALL,ALL,ALL,sales_aed,816455.38,560682.03,469630.4266666667,101052.2197820769,604026.8233333334,270673.4376375204,0.4561825354024632,346824.9533333333,3.4321359202328754,0.7848149361118547,1,0,1,0,0.045513393576811056
