period,company_id,company_name,sector,next_month_ebitda_aed,revenue_aed,budget_revenue_aed,cost_of_sales_aed,operating_expenses_aed,gross_profit_aed,ebitda_aed,budget_ebitda_aed,cash_in_aed,cash_out_aed,overdue_receivables_aed,headcount,customer_count,leads_or_orders,conversion_rate_pct,on_time_delivery_pct,customer_satisfaction_score,complaints_count,open_tasks_count,avg_resolution_days,employee_utilization_pct,data_quality_score_pct,profit_margin,gross_margin,expense_ratio,overdue_receivable_ratio,budget_variance_percentage,cash_flow_net_aed,cash_flow_margin,revenue_growth,expense_growth,ebitda_growth,cash_in_growth,cash_out_growth
2025-01-01,C001,Lapiz Blue Trading,Trading,74207.0,369575,357000,242183,66358,127392,61034,60690,295678,306878,70183,38,29,86,0.3372,0.8196,4.11,0,9,2.3,0.726,0.9459,0.1651464520056822,0.3446986403301089,0.8348535479943178,0.18990191436109044,0.03522408963585434,-11200,-0.030305080159642832,0.0,0.0,0.0,0.0,0.0
2025-02-01,C001,Lapiz Blue Trading,Trading,81534.0,394948,375735,247920,72821,147028,74207,63875,287675,314115,78310,40,28,92,0.3043,0.8252,3.97,0,27,5.2,0.9356,0.949,0.18789055774431065,0.3722717927423357,0.8121094422556894,0.19827926714402908,0.05113178170785261,-26440,-0.06694552194212909,0.06865453561523371,0.09739594321709522,0.21583052069338393,-0.027066606240572555,0.023582661513696035
2025-03-01,C001,Lapiz Blue Trading,Trading,62938.0,362615,390895,218876,62205,143739,81534,66452,277203,279392,65857,37,20,66,0.303,0.8879,3.56,0,33,7.7,0.9184,0.9176,0.22485004757111537,0.39639562621513175,0.7751499524288846,0.18161686637342636,-0.07234679389605904,-2189,-0.006036705596845139,-0.08186647356107635,-0.14578212328861184,0.09873731588664136,-0.03640218997132183,-0.11054231730417208
2025-04-01,C001,Lapiz Blue Trading,Trading,47346.0,438324,399440,297720,77666,140604,62938,67905,346420,365263,89165,40,23,57,0.4035,0.9682,3.57,0,26,8.0,0.7641,0.9533,0.14358784825836596,0.32077641196922824,0.8564121517416341,0.20342258238198227,0.09734378129381134,-18843,-0.042988748049388126,0.20878617817795742,0.2485491519974279,-0.22807663060808991,0.2496978748426244,0.3073495304088878
2025-05-01,C001,Lapiz Blue Trading,Trading,74148.0,395149,400057,259044,88759,136105,47346,68010,304974,344497,66403,41,25,49,0.5102,0.9484,4.12,0,20,5.1,0.8148,0.9517,0.11981809393418685,0.3444396923692076,0.8801819060658131,0.16804547145507137,-0.012268251774122187,-39523,-0.10002049859673187,-0.09850019620189632,0.14282955218499738,-0.24773586704375739,-0.11964089833150515,-0.0568521859591582
2025-06-01,C001,Lapiz Blue Trading,Trading,56155.0,392119,393557,240372,77598,151747,74148,66905,295275,306521,68815,36,31,90,0.3444,0.9408,4.0,0,15,2.0,0.7961,0.8341,0.1890956571857013,0.38699221409827117,0.8109017925680725,0.1754951940609866,-0.0036538544607261463,-11246,-0.028680069060667807,-0.007667993592290534,-0.12574499487375923,0.5660879482955266,-0.03180271105077814,-0.11023608333309143
2025-07-01,C001,Lapiz Blue Trading,Trading,54279.0,337671,382704,212657,68859,125014,56155,65060,316126,273270,40994,37,29,95,0.3053,0.8225,4.19,0,20,4.8,0.8989,0.909,0.1663009260493202,0.37022427155426435,0.8336990739506798,0.12140219325911908,-0.11767057569296376,42856,0.1269164364129582,-0.13885580652812024,-0.11261888192994662,-0.24266332200463936,0.07061552789772252,-0.10847870129615911
2025-08-01,C001,Lapiz Blue Trading,Trading,62692.0,326879,371508,201709,70890,125169,54279,63156,318346,272877,42011,47,26,46,0.5652,0.8672,4.27,0,17,8.3,0.6956,0.8451,0.16605227010606372,0.38292150918229684,0.8339446706579499,0.12852156302485018,-0.12013200254099508,45469,0.13910040106583782,-0.031960103177353094,0.029495055112621404,-0.03340753272193042,0.007022516338422102,-0.0014381381051706832
2025-09-01,C001,Lapiz Blue Trading,Trading,49477.0,345499,364164,222926,59880,122573,62692,61908,257571,280105,43763,45,17,22,0.7727,0.822,4.45,0,21,3.3,0.8186,0.8404,0.18145349190591,0.3547709255308988,0.8185436137297069,0.1266660684980275,-0.05125437989477268,-22534,-0.0652216070089928,0.056962974066856464,-0.15531104528142192,0.15499548628382986,-0.19090863400199787,0.026488124686213865
2025-10-01,C001,Lapiz Blue Trading,Trading,54569.0,363675,363912,243180,71018,120495,49477,61865,290730,305704,40817,39,22,34,0.6471,0.8543,3.52,0,20,4.8,0.9301,0.9464,0.13604729497490892,0.33132604660754794,0.8639527050250911,0.11223482504983845,-0.0006485084306095979,-14974,-0.04117412524919227,0.05260796702740089,0.18600534402137603,-0.21079244560709498,0.12873731903048102,0.09139072847682117
2025-11-01,C001,Lapiz Blue Trading,Trading,65307.0,368576,372138,243980,70027,124596,54569,63264,315634,306326,58069,37,17,52,0.3269,0.8656,3.94,0,23,3.6,0.8792,0.9029,0.14805359003299184,0.3380469699600625,0.8519464099670082,0.1575495962840771,-0.009571718018584504,9308,0.02525395033860045,0.01347631814119743,-0.013954208792137157,0.10291650665966001,0.08566023458191441,0.0020346478946955404
2025-12-01,C001,Lapiz Blue Trading,Trading,65356.0,406777,387959,266422,75048,140355,65307,65953,363662,339821,52281,40,37,82,0.4512,0.8268,4.66,0,12,2.4,0.9234,0.9547,0.16054742524774016,0.3450416321473436,0.8394525747522599,0.1285249657674844,0.04850512554161651,23841,0.05860950840386747,0.10364483851363082,0.07170091536121781,0.1967783906613645,0.15216358187014078,0.10934429333455209
2026-01-01,C001,Lapiz Blue Trading,Trading,80159.0,427607,408408,271865,90386,155742,65356,69429,324141,351088,62153,36,44,151,0.2914,0.934,3.68,1,16,6.8,0.8586,0.9266,0.15284127715402226,0.3642176110306894,0.8471587228459777,0.1453507543141249,0.04700936318583378,-26947,-0.06301814516600523,0.05120741831519471,0.2043758661123547,0.000750302417811266,-0.10867508840626738,0.03315569079015135
2026-02-01,C001,Lapiz Blue Trading,Trading,94116.0,390140,429200,238831,71150,151310,80159,72964,301800,299562,85607,40,27,35,0.7714,0.9033,4.3,0,21,6.9,0.9124,0.8328,0.205462141795253,0.38783513610498793,0.794537858204747,0.2194263597682883,-0.09100419384902143,2238,0.005736402317116932,-0.08762017459957394,-0.21282056955723228,0.22649794969092363,-0.06892370912658385,-0.14676092603563784
2026-03-01,C001,Lapiz Blue Trading,Trading,100177.0,487081,445865,299092,93873,187989,94116,75797,420757,397473,90135,37,35,65,0.5385,0.8327,4.41,0,11,1.8,0.73,0.7998,0.19322453554952873,0.38595018077075477,0.8067754644504713,0.1850513569611625,0.09244053693382526,23284,0.04780313746584244,0.24847746962628792,0.31936753338018264,0.17411644356840772,0.3941583830351225,0.32684719690748487
2026-04-01,C001,Lapiz Blue Trading,Trading,45281.0,464611,454961,278216,86217,186394,100177,77343,361291,354709,94560,40,31,89,0.3483,0.8899,5.0,0,14,8.4,0.9076,0.796,0.21561478311964202,0.4011829250706505,0.7843830645421653,0.20352509949183295,0.02121060926101358,6582,0.014166689983663753,-0.04613195751835941,-0.08155699721964782,0.06439925198690988,-0.14133098201574779,-0.10758969791658801
2026-05-01,C001,Lapiz Blue Trading,Trading,59225.0,346219,455027,233700,67239,112519,45281,77355,297435,301347,48745,38,24,30,0.8,0.822,4.35,0,27,3.3,0.7425,0.8248,0.13078716072774746,0.3249937178491071,0.8692157276174907,0.14079238863262847,-0.23912207407472524,-3912,-0.011299206571563086,-0.2548196232977695,-0.22011900205295942,-0.5479900575980514,-0.1767439543193714,-0.15043881040514906
2025-01-01,C002,Lapiz Blue Technology,Technology,33323.0,188467,214200,80602,71449,107865,36415,47124,145069,153530,26820,24,18,26,0.6923,0.9377,3.76,0,12,4.8,0.7757,0.8661,0.19321684963415345,0.5723283121183019,0.8067778443971624,0.1423060801095152,-0.12013538748832867,-8461,-0.04489380103678628,0.0,0.0,0.0,0.0,0.0
2025-02-01,C002,Lapiz Blue Technology,Technology,35597.0,223904,225441,93139,97442,130765,33323,49597,199800,194171,36590,25,20,33,0.6061,0.85,4.43,0,22,6.8,0.8191,0.7985,0.14882717593254252,0.5840226168357867,0.8511728240674575,0.16341825067886237,-0.006817748324395296,5629,0.025140238673717306,0.18802761226103248,0.3637979537852174,-0.08491006453384597,0.3772756412465792,0.264710480036475
2025-03-01,C002,Lapiz Blue Technology,Technology,51402.0,230849,234537,97924,97328,132925,35597,51598,197432,183517,17477,22,17,48,0.3542,0.9129,4.25,0,14,5.7,0.8544,0.8246,0.15420036474058801,0.5758092952536074,0.845799635259412,0.0757074971084995,-0.015724597824650268,13915,0.06027749741172801,0.031017757610404484,-0.0011699267256418677,0.06824115475797488,-0.011851851851851891,-0.05486916171827927
2025-04-01,C002,Lapiz Blue Technology,Technology,54033.0,220057,239664,83169,85486,136888,51402,52726,169854,162898,12950,25,12,32,0.375,0.8803,3.51,0,6,2.3,0.9315,0.9607,0.23358493481234407,0.6220570125013065,0.7664150651876559,0.05884838928095902,-0.0818145403564991,6956,0.03160999195662942,-0.04674917370229026,-0.12167105046851878,0.44399808972666244,-0.13968353661007338,-0.11235471373224282
2025-05-01,C002,Lapiz Blue Technology,Technology,46668.0,256540,240034,100421,102086,156119,54033,52808,191257,205845,38450,22,15,48,0.3125,0.8257,4.33,0,21,8.2,0.6976,0.8876,0.21062212520464646,0.6085561705776877,0.7893778747953536,0.1498791611444609,0.06876525825508054,-14588,-0.05686442660014033,0.16578886379438051,0.19418384296843927,0.05118477880238115,0.12600821882322455,0.26364350697982797
2025-06-01,C002,Lapiz Blue Technology,Technology,34774.0,236031,236134,85699,103664,150331,46668,51949,226526,196166,19635,22,20,49,0.4082,0.8389,4.07,0,27,7.6,0.877,0.9425,0.19771979104439671,0.6369121005291678,0.8022802089556033,0.08318822527549348,-0.0004361930090541811,30360,0.12862717185454453,-0.07994464800810785,0.015457555394471356,-0.13630559102770534,0.1844063223829715,-0.04702081663387503
2025-07-01,C002,Lapiz Blue Technology,Technology,36605.0,238270,229622,99672,103824,138598,34774,50517,222935,207423,19185,26,19,61,0.3115,0.8562,4.7,0,18,4.5,0.7899,0.9657,0.14594367734083183,0.5816846434716918,0.8540563226591682,0.08051789986150165,0.0376618965081743,15512,0.06510261468082428,0.009486042087691882,0.0015434480629725744,-0.25486414673866464,-0.01585248492446778,0.05738507182692221
2025-08-01,C002,Lapiz Blue Technology,Technology,38027.0,216096,222905,86904,92587,129192,36605,49039,157523,173925,15526,32,14,38,0.3684,0.8244,4.11,0,14,3.9,0.895,0.9216,0.16939230712276027,0.5978454020435362,0.8306076928772398,0.07184769731970976,-0.030546645431910456,-16402,-0.07590145120687102,-0.093062492130776,-0.10823123747881025,0.052654281934778835,-0.2934128781931953,-0.16149607324163662
2025-09-01,C002,Lapiz Blue Technology,Technology,46084.0,202314,218498,85863,78424,116451,38027,48070,158095,156505,27355,24,15,36,0.4167,0.823,3.93,0,12,6.4,0.7598,0.9313,0.18796029933667469,0.5755953616655298,0.8120397006633253,0.13521061320521566,-0.07406932786570129,1590,0.007859070553693764,-0.06377721012883164,-0.15296963936621777,0.03884715202841149,0.003631215758968631,-0.10015811412965359
2025-10-01,C002,Lapiz Blue Technology,Technology,38391.0,213338,218347,85092,82162,128246,46084,48036,180501,168490,18290,26,12,20,0.6,0.8903,3.78,0,31,3.7,0.825,0.9599,0.21601402469320985,0.6011399750630455,0.7839859753067902,0.08573249960157121,-0.022940548759543294,12011,0.0563003309302609,0.05448955583894333,0.04766398041415898,0.21187577247745026,0.14172491223631356,0.07657902303440789
2025-11-01,C002,Lapiz Blue Technology,Technology,49453.0,239050,223283,96553,104106,142497,38391,49122,203938,188356,30367,25,15,50,0.3,0.7873,3.58,0,28,3.1,0.6889,0.8279,0.16059820121313534,0.596097050826187,0.8394017987868647,0.1270320016732901,0.07061442205631419,15582,0.06518301610541728,0.12052236357329682,0.2670821060831041,-0.1669342938980991,0.12984415598805543,0.11790610718737016
2025-12-01,C002,Lapiz Blue Technology,Technology,60293.0,233842,232775,84570,99819,149272,49453,51211,192036,191422,29906,26,12,23,0.5217,0.8,4.12,0,22,6.6,0.6559,0.9036,0.21148040129660198,0.638345549559104,0.788519598703398,0.1278897717262083,0.004583825582644184,614,0.002625704535541092,-0.021786237188872626,-0.04117918275603716,0.2881404495845381,-0.05836087438339099,0.016277686933254154
2026-01-01,C002,Lapiz Blue Technology,Technology,36051.0,249576,245045,89120,100162,160455,60293,53910,183674,180521,32359,23,27,56,0.4821,0.9052,3.43,0,31,6.8,0.9253,0.8528,0.2415817226015322,0.6429103759976921,0.7584142706029426,0.1296558964002949,0.018490481340162013,3153,0.012633426290989519,0.06728474782117844,0.003436219557398923,0.2191980264089135,-0.043543918848549246,-0.05694747730145955
2026-02-01,C002,Lapiz Blue Technology,Technology,51307.0,250101,257520,104263,109787,145838,36051,56654,235077,211131,38283,22,16,46,0.3478,0.8143,4.2,0,30,5.9,0.7698,0.9211,0.1441457651108952,0.5831164209659297,0.8558542348891048,0.15307015965549917,-0.028809412861136998,23946,0.09574531889116797,0.002103567650735716,0.09609432718995237,-0.40206989202726684,0.27985996929342205,0.16956475977864072
2026-03-01,C002,Lapiz Blue Technology,Technology,44550.0,262380,267519,109351,101722,153029,51307,58854,203740,210014,18699,24,16,40,0.4,0.85,4.59,0,4,5.5,0.744,0.862,0.19554462992606145,0.5832342404146658,0.8044553700739385,0.071266864852504,-0.019209850515290502,-6274,-0.023911883527707904,0.049096165149279614,-0.0734604279195169,0.4231782752212143,-0.13330525742629007,-0.005290554205682696
2026-04-01,C002,Lapiz Blue Technology,Technology,60229.0,252677,272976,107318,100810,145360,44550,60055,201734,209826,30265,40,13,36,0.3611,0.8731,4.14,0,7,7.6,0.9149,0.8766,0.17631205056257593,0.575279902800809,0.82369190705921,0.11977742335076007,-0.07436184866068812,-8092,-0.032025075491635566,-0.03698071499352085,-0.008965612158628455,-0.13169742920069383,-0.009845882006478845,-0.0008951784166769672
2026-05-01,C002,Lapiz Blue Technology,Technology,58930.0,267803,273016,99562,108012,168241,60229,60064,257347,195237,43699,23,26,44,0.5909,0.8647,4.39,0,16,6.0,0.6416,0.822,0.22490039319947872,0.6282267188941124,0.7750996068005213,0.16317591662528053,-0.01909411902599115,62110,0.23192421294757715,0.05986298713377147,0.07144132526535074,0.3519416386083052,0.2756748986288875,-0.06952903834605817
2025-01-01,C003,Lapiz Blue Hospitality,Hospitality,95294.0,572825,489600,272541,195388,300284,104895,102816,530828,457497,48957,62,29,44,0.6591,0.8814,3.54,0,4,2.6,0.6776,0.9521,0.18311875354602192,0.5242159472788374,0.8168795007201152,0.08546589272465413,0.1699857026143791,73331,0.128016409898311,0.0,0.0,0.0,0.0,0.0
2025-02-01,C003,Lapiz Blue Hospitality,Hospitality,119340.0,557704,515294,283441,178969,274263,95294,108212,421605,440691,33356,63,52,110,0.4727,0.7908,4.29,0,25,4.4,0.9073,0.7931,0.17086841765524363,0.4917716207880883,0.8291315823447564,0.059809504683488016,0.08230253020605713,-19086,-0.03422245492232439,-0.026397241740496624,-0.08403279628226912,-0.09152962486295824,-0.2057596811019765,-0.03673466711257123
2025-03-01,C003,Lapiz Blue Hospitality,Hospitality,118967.0,521691,536085,242992,159359,278699,119340,112578,427362,392559,22289,60,25,61,0.4098,0.8333,4.23,0,11,7.2,0.6486,0.9501,0.22875610275047872,0.5342223653465366,0.7712438972495212,0.04272452467073421,-0.026850219648003583,34803,0.06671190417315997,-0.0645736806621433,-0.1095720487905727,0.25233487942577715,0.01365496139751654,-0.10921938501126638
2025-04-01,C003,Lapiz Blue Hospitality,Hospitality,107238.0,568230,547804,274439,174823,293790,118967,115039,531415,442540,27230,62,37,121,0.3058,0.8754,3.67,0,25,7.9,0.7924,0.8575,0.20936416591873008,0.5170265561480386,0.7906340742305052,0.04792073632155993,0.0372870588750721,88875,0.1564067367087271,0.08920797943610292,0.09703876153841318,-0.0031255237137589598,0.2434774266312869,0.1273209886921456
2025-05-01,C003,Lapiz Blue Hospitality,Hospitality,107523.0,558733,548649,270870,180625,287863,107238,115216,409850,441305,65178,65,47,140,0.3357,0.8363,3.98,0,14,7.4,0.6812,0.8659,0.19193067171618644,0.5152067266476117,0.8080693282838135,0.11665321361007852,0.018379692663251002,-31455,-0.05629701485324833,-0.016713302711930056,0.03318785285688963,-0.09859036539544574,-0.228757186003406,-0.0027907081845708337
2025-06-01,C003,Lapiz Blue Hospitality,Hospitality,136707.0,485640,539735,233571,144545,252068,107523,113344,403641,357882,48467,62,43,72,0.5972,0.8741,3.6,0,25,3.1,0.8288,0.9082,0.2214047442550037,0.5190429124454329,0.7785931966065398,0.09980026356972242,-0.10022511047087923,45759,0.09422411662960217,-0.13081919270921893,-0.1997508650519031,0.0026576400156661517,-0.015149444918872712,-0.1890370605363637
2025-07-01,C003,Lapiz Blue Hospitality,Hospitality,122868.0,539380,524851,245118,157555,294263,136707,110219,482665,388897,50455,67,27,43,0.6279,0.7762,3.52,0,25,3.3,0.7845,0.977,0.25345211168378506,0.545557862731284,0.7465478883162149,0.09354258593199599,0.027682142169872973,93768,0.17384404316066596,0.11065810065068771,0.0900065723477117,0.27142099829803845,0.19577793137961708,0.08666264299405957
2025-08-01,C003,Lapiz Blue Hospitality,Hospitality,103999.0,555339,509497,266698,165773,288641,122868,106994,468656,424797,21033,67,60,87,0.6897,0.8766,4.52,0,5,4.4,0.8553,0.9106,0.22124864272093261,0.5197564010451274,0.7787513572790674,0.03787416334887339,0.0899750145731967,43859,0.07897698522884221,0.029587674737661773,0.05215956332709215,-0.10123110008997349,-0.02902427149265019,0.09231236034219847
2025-09-01,C003,Lapiz Blue Hospitality,Hospitality,91710.0,528124,499425,241367,182759,286757,103999,104879,456283,411236,52909,69,28,64,0.4375,0.8256,4.08,0,5,5.3,0.8659,0.955,0.1969215563011717,0.5429728624338224,0.8030803371935379,0.10018291158894502,0.057466085998898735,45047,0.08529625618226022,-0.04900610257878524,0.10246541957978672,-0.15357131230263377,-0.026401027619405326,-0.031923483452095947
2025-10-01,C003,Lapiz Blue Hospitality,Hospitality,100829.0,452596,499079,221823,139063,230773,91710,104807,417831,365623,17048,63,27,88,0.3068,0.7907,3.73,0,27,8.4,0.9208,0.8964,0.20263104402159984,0.5098874051030058,0.7973689559784002,0.037667146859450815,-0.09313755938438605,52208,0.11535232304306711,-0.1430118684248396,-0.2390908245284774,-0.11816459773651666,-0.0842722608556532,-0.11091684580143757
2025-11-01,C003,Lapiz Blue Hospitality,Hospitality,139553.0,558411,510361,265129,192453,293282,100829,107176,528077,467284,60386,62,38,76,0.5,0.8777,4.64,0,11,3.4,0.8854,0.8006,0.18056413645146674,0.5252081352265625,0.8194358635485333,0.10813898723341768,0.09414904352017493,60793,0.10886784107046601,0.233795703011074,0.3839267094769996,0.09943299531130734,0.26385308892829884,0.27804870043733576
2025-12-01,C003,Lapiz Blue Hospitality,Hospitality,134583.0,686406,532058,338534,208319,347872,139553,111732,626902,545718,82450,60,75,206,0.3641,0.8508,4.01,1,14,6.0,0.9251,0.963,0.2033097030037616,0.5068020967182688,0.7966902969962384,0.12011841388332853,0.29009619252036434,81184,0.11827402441120853,0.2292128915798579,0.08244090765017953,0.38405617431492933,0.18714126917097307,0.16785081449396944
2026-01-01,C003,Lapiz Blue Hospitality,Hospitality,158348.0,663409,560102,332107,196720,331302,134583,117622,551303,533229,54694,72,63,166,0.3795,0.7936,4.24,0,21,8.0,0.6248,0.9482,0.2028658037500245,0.4993932852885626,0.7971357036157182,0.08244386193132743,0.18444319070455023,18074,0.027244128433590743,-0.033503495016069196,-0.055679030717313394,-0.03561370948671827,-0.12059141620221348,-0.02288544632942291
2026-02-01,C003,Lapiz Blue Hospitality,Hospitality,144166.0,735540,588617,360185,217007,375355,158348,123610,718054,570849,85221,62,67,155,0.4323,0.8059,3.96,0,16,6.2,0.9015,0.8784,0.2152812899366452,0.5103121516164995,0.7847187100633548,0.11586181580879354,0.24960882883097157,147205,0.2001318759006988,0.10872779838681712,0.1031262708418057,0.17658248069964255,0.30246706439108806,0.0705513015983752
2026-03-01,C003,Lapiz Blue Hospitality,Hospitality,132617.0,666904,611472,318272,204466,348632,144166,128409,646463,495820,29470,61,35,84,0.4167,0.7526,4.03,0,26,1.7,0.8946,0.8054,0.21617204275278,0.5227618967647517,0.78382795724722,0.04418926862037115,0.09065337415286391,150643,0.22588408526564543,-0.09331375588003377,-0.057790762509965066,-0.08956223002500818,-0.09970141521389753,-0.13143405699230448
2026-04-01,C003,Lapiz Blue Hospitality,Hospitality,108746.0,668662,623946,305780,230265,362882,132617,131029,626052,509652,20953,77,50,87,0.5747,0.7762,4.34,0,16,1.5,0.8589,0.7839,0.1983318926453126,0.5426987027825718,0.8016681073546874,0.031335712213345454,0.07166645831530292,116400,0.1740789816080471,0.002636061562083958,0.12617745737677666,-0.08010904096666338,-0.0315733460383657,0.027897220765600528
2026-05-01,C003,Lapiz Blue Hospitality,Hospitality,93291.0,574830,624036,297450,168634,277379,108746,131048,505659,450841,52994,61,34,44,0.7727,0.7673,3.54,0,6,8.4,0.7126,0.9523,0.1891794095645669,0.4825409251430858,0.8108205904354331,0.09219073465198406,-0.07885282259356832,54818,0.09536384670250335,-0.1403279983010849,-0.2676524873515298,-0.17999954756931613,-0.192305112035422,-0.11539442600048666
2025-01-01,C004,Lapiz Blue Real Estate,Real Estate,267617.0,616263,632400,126181,221382,490083,268701,278256,525198,329505,117495,19,30,73,0.411,0.8034,4.09,0,31,2.1,0.8894,0.8953,0.4360167655692456,0.7952497553804139,0.5639848571145761,0.19065723562829506,-0.02551707779886148,195693,0.31754786511603,0.0,0.0,0.0,0.0,0.0
2025-02-01,C004,Lapiz Blue Real Estate,Real Estate,268385.0,617020,665588,127707,221696,489313,267617,292859,457145,340011,102795,19,66,95,0.6947,0.7241,3.62,0,28,2.1,0.7361,0.8548,0.4337250008103465,0.7930261579851544,0.5662749991896535,0.16659913779131957,-0.07297006556608593,117134,0.18983825483776862,0.0012283716530117061,0.0014183628298596318,-0.004034223914313628,-0.1295758932821527,0.03188418992124542
2025-03-01,C004,Lapiz Blue Real Estate,Real Estate,274070.0,692313,692443,178665,245263,513648,268385,304675,594243,441857,104233,19,36,80,0.45,0.8024,3.69,0,23,1.7,0.913,0.98,0.3876642501296379,0.741930311867609,0.6123357498703621,0.15055762350266425,-0.0001877410848257546,152386,0.22011142359019692,0.122026838676218,0.1063032260392609,0.002869772847016394,0.29990046921655056,0.29953736790868524
2025-04-01,C004,Lapiz Blue Real Estate,Real Estate,313199.0,713604,707580,185491,254042,528113,274070,311335,630271,441413,78034,17,62,155,0.4,0.7893,3.57,1,33,3.4,0.7561,0.8866,0.3840645512076726,0.7400645175755741,0.615934047454891,0.10935196551588837,0.008513524972441278,188858,0.26465378557295083,0.030753430890363198,0.03579422905207874,0.021182256832535273,0.06062839612751003,-0.0010048499854025117
2025-05-01,C004,Lapiz Blue Real Estate,Real Estate,320027.0,733901,708672,207224,213478,526677,313199,311816,648814,409274,63739,17,35,55,0.6364,0.785,4.73,0,23,2.5,0.7375,0.9201,0.42675919504129306,0.7176403901888674,0.573240804958707,0.08684958870474356,0.03560039058972275,239540,0.32639279684862127,0.02844294594761232,-0.15967438455058613,0.14277009523114526,0.02942067777194257,-0.07280936447272734
2025-06-01,C004,Lapiz Blue Real Estate,Real Estate,262899.0,728861,697158,149990,258844,578871,320027,306749,545917,387525,144517,19,62,93,0.6667,0.8497,4.38,0,18,4.3,0.7462,0.8504,0.439078233023855,0.7942131627292447,0.5609217669761449,0.19827786093644742,0.045476061380633946,158392,0.21731441248742903,-0.006867411272092561,0.21250901732262806,0.02180083589028059,-0.15859244714201604,-0.053140438923557354
2025-07-01,C004,Lapiz Blue Real Estate,Real Estate,270138.0,717348,677933,201479,252970,515869,262899,298290,539217,449874,89463,24,46,126,0.3651,0.8516,3.63,0,14,5.5,0.672,0.8052,0.3664873952391308,0.7191335307270669,0.6335126047608692,0.1247135281620636,0.058139963683726856,89343,0.12454624533699125,-0.01579587877523969,-0.0226932051737726,-0.17850993822396233,-0.012272927935931599,0.16089026514418414
2025-08-01,C004,Lapiz Blue Real Estate,Real Estate,251960.0,622941,658101,134441,218362,488501,270138,289564,539882,357760,93311,18,33,46,0.7174,0.7246,4.42,0,27,6.4,0.8828,0.9325,0.4336494146315622,0.784185019127012,0.5663505853684377,0.14979107170663034,-0.05342493021587872,182122,0.2923583453328646,-0.13160558055504445,-0.13680673597659798,0.027535289217532233,0.0012332697225792,-0.20475510920835616
2025-09-01,C004,Lapiz Blue Real Estate,Real Estate,267706.0,686150,645090,188070,246120,498080,251960,283840,591915,399250,128045,19,36,109,0.3303,0.715,4.5,0,21,1.7,0.8918,0.9318,0.3672083363695985,0.7259054142680172,0.6327916636304015,0.18661371420243386,0.06364848315738889,192665,0.280791372148947,0.10146867841416762,0.12711918740440176,-0.06729153247599373,0.09637846788742732,0.11597160107334537
2025-10-01,C004,Lapiz Blue Real Estate,Real Estate,365224.0,677554,644643,167691,242157,509863,267706,283643,568802,396649,73753,26,77,200,0.385,0.802,3.14,1,16,2.8,0.8588,0.8171,0.3951065154954439,0.7525053353681035,0.604893484504556,0.10885184059130343,0.05105306347854549,172153,0.25408011759948285,-0.012527872914085858,-0.01610190151145785,0.06249404667407532,-0.03904783626027386,-0.0065147150907952645
2025-11-01,C004,Lapiz Blue Real Estate,Real Estate,278069.0,953901,659216,270366,318312,683536,365224,290055,773486,546902,158654,17,49,59,0.8305,0.8369,4.17,0,25,5.4,0.6447,0.9017,0.38287411377071623,0.7165691198562534,0.6171269345561017,0.16632124298014153,0.4470234338972355,226584,0.23753408372566964,0.40785974254450563,0.31448605656660766,0.3642727469686895,0.3598510553760359,0.3788059468194802
2025-12-01,C004,Lapiz Blue Real Estate,Real Estate,259417.0,661803,687242,159895,223839,501908,278069,302386,610128,398850,93734,19,48,86,0.5581,0.7155,3.45,1,13,8.2,0.7731,0.8188,0.4201688417852443,0.7583948697724248,0.5798311582147557,0.1416342929844682,-0.03701461784931654,211278,0.31924605962801617,-0.30621416687895286,-0.2967937118299028,-0.2386343723304054,-0.21119709988286794,-0.2707102917890225
2026-01-01,C004,Lapiz Blue Real Estate,Real Estate,285320.0,666572,723466,170064,237091,496508,259417,318325,625387,422223,100867,21,36,56,0.6429,0.7571,3.47,0,5,7.2,0.6246,0.9536,0.3891807636684409,0.7448677712235138,0.6108192363315591,0.15132198772225655,-0.07864087600523038,203164,0.30478928007777106,0.007206071897528421,0.05920326663360709,-0.06707687660256989,0.025009506201977283,0.05860097781120732
2026-02-01,C004,Lapiz Blue Real Estate,Real Estate,355467.0,738380,760297,189807,263253,548574,285320,334530,642394,422018,134307,21,37,114,0.3246,0.8558,4.28,0,8,7.7,0.6919,0.9277,0.3864134998239389,0.7429426582518487,0.6135865001760611,0.18189414664535875,-0.0288255773730529,220376,0.2984587881578591,0.10772729727621333,0.11034581658519294,0.09985081933720608,0.02719436125151309,-0.00048552542140056776
2026-03-01,C004,Lapiz Blue Real Estate,Real Estate,368033.0,806039,789818,186027,264546,620012,355467,347520,765508,427652,147394,31,80,256,0.3125,0.7079,4.17,0,14,4.8,0.9137,0.9448,0.44100471565271654,0.7692084378051186,0.5589965249820418,0.1828621195748593,0.020537642849365295,337856,0.41915589692310173,0.09163168016468481,0.004911624938747083,0.24585377821393517,0.19164873893591783,0.01335014146316027
2026-04-01,C004,Lapiz Blue Real Estate,Real Estate,393785.0,799699,805931,179905,251761,619794,368033,354609,692357,437716,148763,20,49,65,0.7538,0.7649,3.78,0,15,7.7,0.779,0.8099,0.4602144056701334,0.7750341065826017,0.5397855943298666,0.18602374143271405,-0.007731431102662635,254641,0.31842105592229075,-0.007865624368051716,-0.04832807904863423,0.03535067952862003,-0.09555876620492532,0.023533153124503103
2026-05-01,C004,Lapiz Blue Real Estate,Real Estate,295895.0,811061,806047,172293,244983,638768,393785,354661,647645,383638,149302,17,62,127,0.4882,0.7926,4.27,0,29,5.0,0.8641,0.9208,0.4855183518872193,0.7875708485551641,0.5144816481127806,0.1840823316618602,0.0062204809396970645,264007,0.32550819235544554,0.014207845701945443,-0.02692235890388106,0.06997198620775857,-0.06457940051158584,-0.12354586078644603
2025-01-01,C005,Lapiz Blue Logistics,Logistics,53830.0,383642,397800,218101,116085,165541,49456,75582,323595,329339,62089,44,20,39,0.5128,0.9144,4.1,0,12,7.9,0.7194,0.8179,0.12891185011025905,0.4314986367498866,0.8710881498897409,0.16184098717033069,-0.035590749120160886,-5744,-0.014972291876280491,0.0,0.0,0.0,0.0,0.0
2025-02-01,C005,Lapiz Blue Logistics,Logistics,54371.0,363272,418677,202365,107077,160907,53830,79549,312112,317696,65956,43,36,117,0.3077,0.8853,4.56,0,26,7.8,0.6572,0.9627,0.14818097733929397,0.442938073950098,0.8518190226607061,0.181560924045894,-0.13233351724599154,-5584,-0.01537140214494924,-0.053096376309163196,-0.07759831158203045,0.08844225169847952,-0.03548571516865218,-0.03535263057214599
2025-03-01,C005,Lapiz Blue Logistics,Logistics,95216.0,411881,435569,233300,124210,178581,54371,82758,308815,356298,104449,43,29,95,0.3053,0.8787,4.5,0,12,2.0,0.8583,0.8497,0.13200657471454133,0.4335742605267055,0.8679934252854586,0.25359023601477126,-0.05438403559481965,-47483,-0.115283297845737,0.13380882644409708,0.16000635057015056,0.010050157904514245,-0.010563515661044742,0.1215060938759065
2025-04-01,C005,Lapiz Blue Logistics,Logistics,81554.0,451451,445090,232367,123868,219084,95216,84567,345967,343729,94893,42,46,105,0.4381,0.8754,4.26,0,4,3.8,0.7615,0.9154,0.21091104017933288,0.4852885473728046,0.7890889598206672,0.21019556939734324,0.014289244871823675,2238,0.004957348638058173,0.0960714381095511,-0.0027534014974639476,0.7512276765187325,0.12030503699625994,-0.03527665044429107
2025-05-01,C005,Lapiz Blue Logistics,Logistics,85846.0,396558,445778,194660,120344,201898,81554,84698,297821,323860,61743,46,29,70,0.4143,0.7722,4.16,0,16,5.5,0.6259,0.9074,0.20565465833497243,0.5091260294837073,0.7943453416650276,0.15569727505182093,-0.1104114604130307,-26039,-0.06566252603654446,-0.12159237658129007,-0.028449639939290172,-0.14348428835489835,-0.13916356184260348,-0.057804258587433655
2025-06-01,C005,Lapiz Blue Logistics,Logistics,60986.0,440995,438535,230215,124934,210780,85846,83322,337029,349757,104695,50,32,56,0.5714,0.8471,3.77,0,27,1.6,0.6811,0.8511,0.1946643385979433,0.47796460277327407,0.8053356614020567,0.2374063197995442,0.005609586464022256,-12728,-0.028862005238154628,0.11205674831928736,0.03814066343149647,0.05262770679549744,0.1316495478827886,0.07996356450318043
2025-07-01,C005,Lapiz Blue Logistics,Logistics,89526.0,398771,426442,218083,119701,180687,60986,81024,316526,338055,64539,43,19,56,0.3393,0.8748,3.56,0,5,4.8,0.8628,0.9473,0.15293489245707437,0.45310967949023373,0.8470625998380023,0.1618447680498331,-0.06488807387640054,-21529,-0.053988379295385074,-0.09574711731425523,-0.0418861158691789,-0.28958833259557815,-0.06083452759258101,-0.03345751478883907
2025-08-01,C005,Lapiz Blue Logistics,Logistics,94505.0,450665,413967,232420,128719,218245,89526,78654,436305,361983,69769,44,21,31,0.6774,0.8971,4.28,0,19,8.2,0.6529,0.8262,0.19865310152774235,0.4842732406554758,0.8013468984722577,0.15481344235740516,0.0886519939995217,74322,0.16491629037089633,0.13013483929373004,0.07533771647688825,0.46797625684583344,0.3784175707524817,0.07078138172782533
2025-09-01,C005,Lapiz Blue Logistics,Logistics,66469.0,387699,405783,187506,105689,200193,94505,77099,374097,285630,57506,43,25,30,0.8333,0.8165,3.96,0,10,7.4,0.9368,0.8702,0.24375868908612094,0.5163619199430486,0.7562438902344344,0.14832640785764215,-0.04456322714357181,88467,0.2281847515727407,-0.13971797232977934,-0.1789168654200235,0.05561512856600315,-0.14257915907450058,-0.2109297950456237
2025-10-01,C005,Lapiz Blue Logistics,Logistics,50743.0,380784,405501,207757,106558,173027,66469,77045,287088,305199,77654,45,31,76,0.4079,0.7999,4.02,0,8,2.3,0.8181,0.9724,0.17455827975965377,0.4543967183495105,0.8254417202403462,0.20393188789444935,-0.06095422699327498,-18111,-0.04756239757973024,-0.01783600164044785,0.008222236940457428,-0.2966615522988202,-0.2325840624223129,0.06851171095473174
2025-11-01,C005,Lapiz Blue Logistics,Logistics,66369.0,412148,414668,233563,127842,178584,50743,78787,371360,367102,60721,44,31,76,0.4079,0.8523,3.71,0,25,1.8,0.8701,0.7979,0.12311839436318993,0.43330065898657766,0.8768816056368101,0.14732814425885846,-0.006079562445136832,4258,0.010331240234090667,0.08236690617252829,0.19974098612961955,-0.23659149377905486,0.2935406565234353,0.2028283185724724
2025-12-01,C005,Lapiz Blue Logistics,Logistics,65750.0,441925,432297,241786,133769,200139,66369,82136,333072,367145,92152,54,46,60,0.7667,0.7795,4.66,0,20,3.2,0.6461,0.9347,0.1501815918990779,0.4528800135769644,0.8498161452735192,0.2085240708264977,0.02226941200147121,-34073,-0.07710131809696215,0.07224831856517566,0.04636191548943236,0.30794395286049303,-0.10310211115898316,0.00011713365767551664
2026-01-01,C005,Lapiz Blue Logistics,Logistics,55788.0,434755,455083,239108,129896,195646,65750,86466,315997,357121,101954,46,24,65,0.3692,0.8968,3.89,0,10,4.8,0.698,0.8697,0.15123460339731573,0.45001437591287047,0.848763096456625,0.23450909132729927,-0.04466877470703146,-41124,-0.09459120654161539,-0.016224472478361673,-0.02895289641097709,-0.009326643463062556,-0.05126519191045775,-0.027302564381919914
2026-02-01,C005,Lapiz Blue Logistics,Logistics,56038.0,421888,478251,239805,126295,182083,55788,90868,376394,360178,86706,58,31,83,0.3735,0.9167,4.21,0,17,6.6,0.7795,0.8292,0.1322341474514563,0.43159084875606796,0.8677658525485437,0.20551900030339806,-0.11785234113467614,16216,0.03843674150485437,-0.029595979344688383,-0.027722177742193765,-0.1515133079847909,0.19113156137558263,0.008560123879581383
2026-03-01,C005,Lapiz Blue Logistics,Logistics,92438.0,350946,496821,187033,107876,163914,56038,94396,336384,301183,138175,44,32,79,0.4051,0.5905,3.77,12,20,6.7,0.9231,0.8147,0.15967698734278207,0.46706330888512765,0.8403258620984425,0.3937215412057696,-0.2936168157143116,35201,0.10030318054629488,-0.1681536331917476,-0.145841086345461,0.004481250448125085,-0.10629818753752718,-0.16379401296025853
2026-04-01,C005,Lapiz Blue Logistics,Logistics,79634.0,465888,506956,245594,127855,220294,92438,96322,352302,365012,204800,46,25,50,0.5,0.845,4.04,0,29,3.7,0.7015,0.8695,0.19841249398997185,0.47284755134281203,0.8015853595713991,0.439590631224672,-0.08100900275369066,-12710,-0.027281234974929597,0.3275204732351986,0.18520338166042483,0.6495592276669402,0.04732091894977164,0.21192763203766485
2026-05-01,C005,Lapiz Blue Logistics,Logistics,76431.0,473181,507030,264398,129150,208783,79634,96336,385918,377476,109491,44,29,61,0.4754,0.9159,3.89,0,34,2.3,0.8306,0.9051,0.1682950076186491,0.441232847472743,0.8317071057375508,0.23139348367749338,-0.06675936335128099,8442,0.017840953039111884,0.01565397692149184,0.010128661374212866,-0.13851446374867482,0.09541813557686307,0.03414682257021684
2025-01-01,C006,Lapiz Blue Facilities,Facilities Management,68339.0,298993,295800,116458,109020,182535,73515,62118,258217,209363,68958,70,21,68,0.3088,0.8222,4.1,0,28,2.8,0.6265,0.9209,0.24587532149582098,0.6104992424571812,0.7541246785041791,0.23063416200379272,0.010794455713319811,48854,0.16339512965186476,0.0,0.0,0.0,0.0,0.0
2025-02-01,C006,Lapiz Blue Facilities,Facilities Management,70277.0,333400,311324,136438,128622,196961,68339,65378,299550,257087,65908,70,26,77,0.3377,0.79,4.2,0,12,8.4,0.7081,0.8122,0.20497600479904018,0.5907648470305938,0.7950209958008398,0.19768446310737853,0.07091004869524996,42463,0.1273635272945411,0.11507627268865828,0.17980187121629054,-0.0704073998503707,0.16007079317008555,0.22794858690408515
2025-03-01,C006,Lapiz Blue Facilities,Facilities Management,74217.0,311038,323885,126989,113773,184050,70277,68016,226505,232972,55441,74,28,82,0.3415,0.8643,3.91,0,14,7.6,0.7318,0.7838,0.22594345385451295,0.5917283418746263,0.774059761186736,0.17824510188465717,-0.03966222579001806,-6467,-0.020791671757148644,-0.0670725854829034,-0.11544681314238625,0.028358623918992132,-0.24384910699382412,-0.09380093120227784
2025-04-01,C006,Lapiz Blue Facilities,Facilities Management,79264.0,331963,330965,127464,130281,204498,74217,69503,273041,261535,62144,74,18,46,0.3913,0.8628,4.46,0,8,1.9,0.6547,0.8196,0.2235700966673997,0.616026484879339,0.7764268909486901,0.18720158571889037,0.0030154245917242005,11506,0.0346604892713947,0.06727473813489038,0.14509593664577713,0.056063861576333585,0.20545241826891236,0.1226027162062393
2025-05-01,C006,Lapiz Blue Facilities,Facilities Management,51246.0,334012,331476,137917,116830,196095,79264,69610,250672,254521,58078,73,17,54,0.3148,0.7744,3.8,0,34,1.9,0.872,0.8878,0.23730883920338192,0.5870896854005245,0.7626881668922074,0.17387998035998706,0.007650629306495795,-3849,-0.011523538076476294,0.0061723746321125095,-0.10324606043859041,0.0680032876564669,-0.08192542511930445,-0.02681859024604738
2025-06-01,C006,Lapiz Blue Facilities,Facilities Management,53011.0,318803,326090,139981,127576,178822,51246,68479,239373,259133,73531,74,24,56,0.4286,0.8268,4.14,0,13,4.9,0.7542,0.8538,0.1607450369036678,0.560916929890873,0.8392549630963322,0.23064713945602772,-0.022346591431813303,-19760,-0.061981850860876465,-0.04553429218111926,0.09197979970897885,-0.353476988292289,-0.04507483883321628,0.018120312272857708
2025-07-01,C006,Lapiz Blue Facilities,Facilities Management,60442.0,282388,317098,116310,113067,166078,53011,66590,266564,212673,73220,73,16,42,0.381,0.8097,3.96,0,6,3.6,0.9108,0.7997,0.18772398260549314,0.5881198917801039,0.8122760173945068,0.2592886383274077,-0.10945827472894815,53891,0.1908402623340935,-0.11422414469123565,-0.11372828745218533,0.034441712523904267,0.11359259398511945,-0.1792901714563564
2025-08-01,C006,Lapiz Blue Facilities,Facilities Management,56340.0,288288,307821,113097,114749,175191,60442,64642,212316,232402,50104,73,18,51,0.3529,0.8204,4.21,0,34,7.1,0.635,0.9658,0.20965839715839715,0.607694388944389,0.7903416028416028,0.1737984237984238,-0.06345570964943913,-20086,-0.06967338217338218,0.02089323908947982,0.014876135388751877,0.14017845352851288,-0.20350835071502527,0.09276682982795181
2025-09-01,C006,Lapiz Blue Facilities,Facilities Management,57288.0,265949,301736,110109,99501,155840,56340,63365,195041,206070,54337,74,14,20,0.7,0.8505,4.78,0,11,2.8,0.8999,0.8268,0.21184512820127166,0.5859770106298576,0.7881586319181497,0.20431360900022186,-0.11860036588275844,-11029,-0.04147035709854145,-0.07748848373848372,-0.1328813322991922,-0.0678667151980411,-0.08136456979219653,-0.11330367208543812
2025-10-01,C006,Lapiz Blue Facilities,Facilities Management,49705.0,262665,301527,113755,91622,148911,57288,63321,251897,212479,63146,72,16,38,0.4211,0.7551,3.99,0,11,5.6,0.6596,0.843,0.21810290674433214,0.5669236479926903,0.7818970932556679,0.2404050787124284,-0.12888066408646656,39418,0.15006948013629529,-0.012348232179854035,-0.07918513381775061,0.016826411075612446,0.29150793935634045,0.03110108215654872
2025-11-01,C006,Lapiz Blue Facilities,Facilities Management,62390.0,283703,308343,119138,114860,164566,49705,64752,226249,236660,72872,71,18,30,0.6,0.7205,4.09,0,23,7.5,0.8953,0.9196,0.17520082621614858,0.5800643630839293,0.8247991737838514,0.2568601671466287,-0.07991100819541874,-10411,-0.03669682731589021,0.08009441684274643,0.2536290410600075,-0.13236628962435415,-0.10181939443502697,0.11380418770796163
2025-12-01,C006,Lapiz Blue Facilities,Facilities Management,71475.0,332179,321452,154259,115531,177921,62390,67505,286088,274975,78720,71,27,36,0.75,0.7868,4.21,0,27,5.0,0.7953,0.8206,0.18782042212180783,0.5356178445958354,0.8121825883032943,0.23698066403956902,0.0333735674377512,11113,0.03345485415995593,0.1708688311367874,0.005841894480236753,0.2552057137108943,0.26448293694115765,0.16189892673033035
2026-01-01,C006,Lapiz Blue Facilities,Facilities Management,55024.0,348540,338395,135382,141682,213158,71475,71063,330188,287771,72839,73,23,71,0.3239,0.7611,4.25,0,18,4.8,0.8598,0.8246,0.20506971940092958,0.6115739943765421,0.794927411487921,0.20898318700866472,0.029976802257716574,42417,0.1216990876226545,0.049253565095927154,0.22635483117085453,0.1456162846610034,0.15414837392690361,0.0465351395581417
2026-02-01,C006,Lapiz Blue Facilities,Facilities Management,67613.0,306850,355623,120692,131133,186158,55024,74681,263033,247219,60469,87,30,70,0.4286,0.7458,3.02,9,42,6.8,0.8991,0.7815,0.17931888544891642,0.6066742708163598,0.8206778556297866,0.19706371191135735,-0.1371480472297911,15814,0.051536581391559394,-0.1196132438170655,-0.07445547070199465,-0.23016439314445614,-0.20338413267593003,-0.14091760462312042
2026-03-01,C006,Lapiz Blue Facilities,Facilities Management,76501.0,395354,369431,177634,150107,217720,67613,77581,345890,306746,95858,72,21,60,0.35,0.8481,4.5,0,10,3.2,0.8046,0.8596,0.171018884341628,0.5506963379654689,0.828981115658372,0.24246118668332683,0.07017007235451275,39144,0.09901000116351422,0.288427570474173,0.1446927928134032,0.22879107298633317,0.3150061018959598,0.24078650912753474
2026-04-01,C006,Lapiz Blue Facilities,Facilities Management,58500.0,364220,376968,140845,146875,223375,76501,79163,321091,297476,94025,74,21,56,0.375,0.7839,4.11,0,9,3.2,0.7089,0.7809,0.2100406347811762,0.6132969084619186,0.7899621108121465,0.2581544121684696,-0.033814541287324126,23615,0.06483718631596289,-0.07874967750421147,-0.021531307667197352,0.1314540103234585,-0.07169620399548993,-0.030220442972361483
2026-05-01,C006,Lapiz Blue Facilities,Facilities Management,95899.0,369912,377022,168158,143253,201754,58500,79175,271164,312224,67386,73,33,44,0.75,0.7218,4.64,0,8,7.1,0.7368,0.9799,0.1581457211444884,0.5454108004065832,0.841851575509851,0.18216765068448712,-0.018858315960341838,-41060,-0.11099937282380674,0.01562791719290546,-0.024660425531914942,-0.23530411367171666,-0.15549174533076293,0.04957710874154553
