period,company_id,company_name,sector,risk_label,risk_score_0_100,revenue_aed,budget_revenue_aed,cost_of_sales_aed,operating_expenses_aed,gross_profit_aed,ebitda_aed,budget_ebitda_aed,cash_in_aed,cash_out_aed,overdue_receivables_aed,headcount,customer_count,leads_or_orders,conversion_rate_pct,on_time_delivery_pct,customer_satisfaction_score,complaints_count,open_tasks_count,avg_resolution_days,employee_utilization_pct,data_quality_score_pct,profit_margin,gross_margin,expense_ratio,overdue_receivable_ratio,budget_variance_percentage,cash_flow_net_aed,cash_flow_margin,revenue_growth,expense_growth,ebitda_growth,cash_in_growth,cash_out_growth
1/1/2025,C001,Lapiz Blue Trading,Trading,Watchlist,57.7,369575,357000,242183,66358,127392,61034,60690,295678,306878,70183,38,29,86,0.3372,0.8196,4.11,0,9,2.3,0.726,0.9459,0.1651464520056822,0.3446986403301089,0.8348535479943178,0.18990191436109044,0.03522409,-11200,-0.03030508,0,0,0,0,0
2/1/2025,C001,Lapiz Blue Trading,Trading,Watchlist,59,394948,375735,247920,72821,147028,74207,63875,287675,314115,78310,40,28,92,0.3043,0.8252,3.97,0,27,5.2,0.9356,0.949,0.18789055774431065,0.3722717927423357,0.8121094422556894,0.19827926714402908,0.051131782,-26440,-0.066945522,0.068654536,0.097395943,0.21583052069338393,-0.027066606,0.023582661513696035
3/1/2025,C001,Lapiz Blue Trading,Trading,High Risk,71.9,362615,390895,218876,62205,143739,81534,66452,277203,279392,65857,37,20,66,0.303,0.8879,3.56,0,33,7.7,0.9184,0.9176,0.22485004757111537,0.39639562621513175,0.7751499524288846,0.18161686637342636,-0.072346794,-2189,-0.006036706,-0.081866474,-0.145782123,0.098737316,-0.03640219,-0.110542317
4/1/2025,C001,Lapiz Blue Trading,Trading,Watchlist,64.3,438324,399440,297720,77666,140604,62938,67905,346420,365263,89165,40,23,57,0.4035,0.9682,3.57,0,26,8,0.7641,0.9533,0.14358784825836596,0.32077641196922824,0.8564121517416341,0.20342258238198227,0.097343781,-18843,-0.042988748,0.20878617817795742,0.2485491519974279,-0.228076631,0.2496978748426244,0.3073495304088878
5/1/2025,C001,Lapiz Blue Trading,Trading,High Risk,70.1,395149,400057,259044,88759,136105,47346,68010,304974,344497,66403,41,25,49,0.5102,0.9484,4.12,0,20,5.1,0.8148,0.9517,0.11981809393418685,0.3444396923692076,0.8801819060658131,0.16804547145507137,-0.012268252,-39523,-0.100020499,-0.098500196,0.14282955218499738,-0.247735867,-0.119640898,-0.056852186
6/1/2025,C001,Lapiz Blue Trading,Trading,Watchlist,57,392119,393557,240372,77598,151747,74148,66905,295275,306521,68815,36,31,90,0.3444,0.9408,4,0,15,2,0.7961,0.8341,0.1890956571857013,0.38699221409827117,0.8109017925680725,0.1754951940609866,-0.003653854,-11246,-0.028680069,-0.007667994,-0.125744995,0.5660879482955266,-0.031802711,-0.110236083
7/1/2025,C001,Lapiz Blue Trading,Trading,Watchlist,66.8,337671,382704,212657,68859,125014,56155,65060,316126,273270,40994,37,29,95,0.3053,0.8225,4.19,0,20,4.8,0.8989,0.909,0.1663009260493202,0.37022427155426435,0.8336990739506798,0.12140219325911908,-0.117670576,42856,0.1269164364129582,-0.138855807,-0.112618882,-0.242663322,0.070615528,-0.108478701
8/1/2025,C001,Lapiz Blue Trading,Trading,Watchlist,54.8,326879,371508,201709,70890,125169,54279,63156,318346,272877,42011,47,26,46,0.5652,0.8672,4.27,0,17,8.3,0.6956,0.8451,0.16605227010606372,0.38292150918229684,0.8339446706579499,0.12852156302485018,-0.120132003,45469,0.13910040106583782,-0.031960103,0.029495055112621404,-0.033407533,0.007022516,-0.001438138
9/1/2025,C001,Lapiz Blue Trading,Trading,Watchlist,50.7,345499,364164,222926,59880,122573,62692,61908,257571,280105,43763,45,17,22,0.7727,0.822,4.45,0,21,3.3,0.8186,0.8404,0.181453492,0.3547709255308988,0.8185436137297069,0.1266660684980275,-0.05125438,-22534,-0.065221607,0.056962974066856464,-0.155311045,0.15499548628382986,-0.190908634,0.026488124686213865
10/1/2025,C001,Lapiz Blue Trading,Trading,Watchlist,56.4,363675,363912,243180,71018,120495,49477,61865,290730,305704,40817,39,22,34,0.6471,0.8543,3.52,0,20,4.8,0.9301,0.9464,0.13604729497490892,0.33132604660754794,0.8639527050250911,0.11223482504983845,-0.000648508,-14974,-0.041174125,0.052607967,0.18600534402137603,-0.210792446,0.12873731903048102,0.091390728
11/1/2025,C001,Lapiz Blue Trading,Trading,Watchlist,54.8,368576,372138,243980,70027,124596,54569,63264,315634,306326,58069,37,17,52,0.3269,0.8656,3.94,0,23,3.6,0.8792,0.9029,0.14805359003299184,0.3380469699600625,0.8519464099670082,0.1575495962840771,-0.009571718,9308,0.02525395,0.013476318,-0.013954209,0.10291650665966001,0.085660235,0.002034648
12/1/2025,C001,Lapiz Blue Trading,Trading,Watchlist,50.9,406777,387959,266422,75048,140355,65307,65953,363662,339821,52281,40,37,82,0.4512,0.8268,4.66,0,12,2.4,0.9234,0.9547,0.16054742524774016,0.3450416321473436,0.8394525747522599,0.1285249657674844,0.048505126,23841,0.058609508,0.10364483851363082,0.071700915,0.1967783906613645,0.15216358187014078,0.10934429333455209
1/1/2026,C001,Lapiz Blue Trading,Trading,Watchlist,56.6,427607,408408,271865,90386,155742,65356,69429,324141,351088,62153,36,44,151,0.2914,0.934,3.68,1,16,6.8,0.8586,0.9266,0.15284127715402226,0.3642176110306894,0.8471587228459777,0.1453507543141249,0.047009363,-26947,-0.063018145,0.051207418,0.2043758661123547,0.000750302,-0.108675088,0.033155691
2/1/2026,C001,Lapiz Blue Trading,Trading,High Risk,71.4,390140,429200,238831,71150,151310,80159,72964,301800,299562,85607,40,27,35,0.7714,0.9033,4.3,0,21,6.9,0.9124,0.8328,0.205462142,0.38783513610498793,0.794537858,0.2194263597682883,-0.091004194,2238,0.005736402,-0.087620175,-0.21282057,0.22649794969092363,-0.068923709,-0.146760926
3/1/2026,C001,Lapiz Blue Trading,Trading,Watchlist,57.2,487081,445865,299092,93873,187989,94116,75797,420757,397473,90135,37,35,65,0.5385,0.8327,4.41,0,11,1.8,0.73,0.7998,0.19322453554952873,0.38595018077075477,0.8067754644504713,0.1850513569611625,0.092440537,23284,0.047803137,0.24847746962628792,0.31936753338018264,0.17411644356840772,0.3941583830351225,0.32684719690748487
4/1/2026,C001,Lapiz Blue Trading,Trading,Watchlist,64.7,464611,454961,278216,86217,186394,100177,77343,361291,354709,94560,40,31,89,0.3483,0.8899,5,0,14,8.4,0.9076,0.796,0.21561478311964202,0.4011829250706505,0.7843830645421653,0.20352509949183295,0.021210609,6582,0.014166689983663753,-0.046131958,-0.081556997,0.064399252,-0.141330982,-0.107589698
5/1/2026,C001,Lapiz Blue Trading,Trading,High Risk,84.2,346219,455027,233700,67239,112519,45281,77355,297435,301347,48745,38,24,30,0.8,0.822,4.35,0,27,3.3,0.7425,0.8248,0.13078716072774746,0.3249937178491071,0.8692157276174907,0.14079238863262847,-0.239122074,-3912,-0.011299207,-0.254819623,-0.220119002,-0.547990058,-0.176743954,-0.15043881
6/1/2026,C001,Lapiz Blue Trading,Trading,Watchlist,53.9,470240,447021,313392,97622,156847,59225,75994,358878,409171,64247,55,42,67,0.6269,0.935,4.45,0,35,7.6,0.6849,0.8085,0.12594632528070773,0.3335466995576727,0.8740515481456278,0.13662597822388567,0.051939394,-50293,-0.106951769,0.358215465,0.45186573268490005,0.307943729,0.2065762267386151,0.3578067808871501
1/1/2025,C002,Lapiz Blue Technology,Technology,Watchlist,55.3,188467,214200,80602,71449,107865,36415,47124,145069,153530,26820,24,18,26,0.6923,0.9377,3.76,0,12,4.8,0.7757,0.8661,0.19321684963415345,0.5723283121183019,0.8067778443971624,0.1423060801095152,-0.120135387,-8461,-0.044893801,0,0,0,0,0
2/1/2025,C002,Lapiz Blue Technology,Technology,Watchlist,54.8,223904,225441,93139,97442,130765,33323,49597,199800,194171,36590,25,20,33,0.6061,0.85,4.43,0,22,6.8,0.8191,0.7985,0.14882717593254252,0.5840226168357867,0.8511728240674575,0.16341825067886237,-0.006817748,5629,0.025140238673717306,0.18802761226103248,0.3637979537852174,-0.084910065,0.3772756412465792,0.26471048
3/1/2025,C002,Lapiz Blue Technology,Technology,Watchlist,50,230849,234537,97924,97328,132925,35597,51598,197432,183517,17477,22,17,48,0.3542,0.9129,4.25,0,14,5.7,0.8544,0.8246,0.15420036474058801,0.5758092952536074,0.845799635,0.075707497,-0.015724598,13915,0.060277497,0.031017757610404484,-0.001169927,0.068241155,-0.011851852,-0.054869162
4/1/2025,C002,Lapiz Blue Technology,Technology,Watchlist,61.5,220057,239664,83169,85486,136888,51402,52726,169854,162898,12950,25,12,32,0.375,0.8803,3.51,0,6,2.3,0.9315,0.9607,0.23358493481234407,0.6220570125013065,0.7664150651876559,0.058848389,-0.08181454,6956,0.031609992,-0.046749174,-0.12167105,0.44399808972666244,-0.139683537,-0.112354714
5/1/2025,C002,Lapiz Blue Technology,Technology,Watchlist,53.3,256540,240034,100421,102086,156119,54033,52808,191257,205845,38450,22,15,48,0.3125,0.8257,4.33,0,21,8.2,0.6976,0.8876,0.21062212520464646,0.6085561705776877,0.7893778747953536,0.1498791611444609,0.068765258,-14588,-0.056864427,0.16578886379438051,0.19418384296843927,0.051184779,0.12600821882322455,0.26364350697982797
6/1/2025,C002,Lapiz Blue Technology,Technology,Watchlist,59.6,236031,236134,85699,103664,150331,46668,51949,226526,196166,19635,22,20,49,0.4082,0.8389,4.07,0,27,7.6,0.877,0.9425,0.19771979104439671,0.6369121005291678,0.8022802089556033,0.083188225,-0.000436193,30360,0.12862717185454453,-0.079944648,0.015457555394471356,-0.136305591,0.1844063223829715,-0.047020817
7/1/2025,C002,Lapiz Blue Technology,Technology,Watchlist,50,238270,229622,99672,103824,138598,34774,50517,222935,207423,19185,26,19,61,0.3115,0.8562,4.7,0,18,4.5,0.7899,0.9657,0.14594367734083183,0.5816846434716918,0.8540563226591682,0.0805179,0.037661897,15512,0.065102615,0.009486042,0.001543448,-0.254864147,-0.015852485,0.057385072
8/1/2025,C002,Lapiz Blue Technology,Technology,Watchlist,61.2,216096,222905,86904,92587,129192,36605,49039,157523,173925,15526,32,14,38,0.3684,0.8244,4.11,0,14,3.9,0.895,0.9216,0.16939230712276027,0.5978454020435362,0.8306076928772398,0.071847697,-0.030546645,-16402,-0.075901451,-0.093062492,-0.108231237,0.052654281934778835,-0.293412878,-0.161496073
9/1/2025,C002,Lapiz Blue Technology,Technology,Watchlist,60.2,202314,218498,85863,78424,116451,38027,48070,158095,156505,27355,24,15,36,0.4167,0.823,3.93,0,12,6.4,0.7598,0.9313,0.18796029933667469,0.5755953616655298,0.8120397006633253,0.13521061320521566,-0.074069328,1590,0.007859071,-0.06377721,-0.152969639,0.038847152,0.003631216,-0.100158114
10/1/2025,C002,Lapiz Blue Technology,Technology,Watchlist,52.6,213338,218347,85092,82162,128246,46084,48036,180501,168490,18290,26,12,20,0.6,0.8903,3.78,0,31,3.7,0.825,0.9599,0.21601402469320985,0.6011399750630455,0.7839859753067902,0.0857325,-0.022940549,12011,0.056300331,0.054489556,0.04766398,0.21187577247745026,0.14172491223631356,0.076579023
11/1/2025,C002,Lapiz Blue Technology,Technology,Watchlist,58.8,239050,223283,96553,104106,142497,38391,49122,203938,188356,30367,25,15,50,0.3,0.7873,3.58,0,28,3.1,0.6889,0.8279,0.16059820121313534,0.596097051,0.8394017987868647,0.1270320016732901,0.070614422,15582,0.065183016,0.12052236357329682,0.2670821060831041,-0.166934294,0.12984415598805543,0.11790610718737016
12/1/2025,C002,Lapiz Blue Technology,Technology,Watchlist,55.3,233842,232775,84570,99819,149272,49453,51211,192036,191422,29906,26,12,23,0.5217,0.8,4.12,0,22,6.6,0.6559,0.9036,0.21148040129660198,0.63834555,0.788519599,0.1278897717262083,0.004583826,614,0.002625705,-0.021786237,-0.041179183,0.2881404495845381,-0.058360874,0.016277686933254154
1/1/2026,C002,Lapiz Blue Technology,Technology,Watchlist,57.9,249576,245045,89120,100162,160455,60293,53910,183674,180521,32359,23,27,56,0.4821,0.9052,3.43,0,31,6.8,0.9253,0.8528,0.2415817226015322,0.6429103759976921,0.7584142706029426,0.1296558964002949,0.018490481340162013,3153,0.012633426290989519,0.067284748,0.00343622,0.2191980264089135,-0.043543919,-0.056947477
2/1/2026,C002,Lapiz Blue Technology,Technology,Watchlist,54.2,250101,257520,104263,109787,145838,36051,56654,235077,211131,38283,22,16,46,0.3478,0.8143,4.2,0,30,5.9,0.7698,0.9211,0.1441457651108952,0.5831164209659297,0.8558542348891048,0.15307015965549917,-0.028809413,23946,0.095745319,0.002103568,0.096094327,-0.402069892,0.27985996929342205,0.16956475977864072
3/1/2026,C002,Lapiz Blue Technology,Technology,Watchlist,50,262380,267519,109351,101722,153029,51307,58854,203740,210014,18699,24,16,40,0.4,0.85,4.59,0,4,5.5,0.744,0.862,0.19554462992606145,0.5832342404146658,0.8044553700739385,0.071266865,-0.019209851,-6274,-0.023911884,0.049096165149279614,-0.073460428,0.4231782752212143,-0.133305257,-0.005290554
4/1/2026,C002,Lapiz Blue Technology,Technology,Watchlist,54.4,252677,272976,107318,100810,145360,44550,60055,201734,209826,30265,40,13,36,0.3611,0.8731,4.14,0,7,7.6,0.9149,0.8766,0.17631205056257593,0.575279903,0.823691907,0.11977742335076007,-0.074361849,-8092,-0.032025075,-0.036980715,-0.008965612,-0.131697429,-0.009845882,-0.000895178
5/1/2026,C002,Lapiz Blue Technology,Technology,Watchlist,54.8,267803,273016,99562,108012,168241,60229,60064,257347,195237,43699,23,26,44,0.5909,0.8647,4.39,0,16,6,0.6416,0.822,0.22490039319947872,0.6282267188941124,0.7750996068005213,0.16317591662528053,-0.019094119,62110,0.23192421294757715,0.059862987,0.071441325,0.3519416386083052,0.2756748986288875,-0.069529038
6/1/2026,C002,Lapiz Blue Technology,Technology,Watchlist,67.8,247182,268213,85928,102325,161254,58930,59007,196785,178609,30773,23,17,45,0.3778,0.7839,3.6,0,6,7.6,0.7826,0.8353,0.23840732739438955,0.6523695091066501,0.7615967182076365,0.12449531114725182,-0.078411561,18176,0.073532862,-0.077000631,-0.052651557,-0.021567683,-0.235332061,-0.085168283
1/1/2025,C003,Lapiz Blue Hospitality,Hospitality,Watchlist,55.5,572825,489600,272541,195388,300284,104895,102816,530828,457497,48957,62,29,44,0.6591,0.8814,3.54,0,4,2.6,0.6776,0.9521,0.18311875354602192,0.5242159472788374,0.8168795007201152,0.085465893,0.1699857026143791,73331,0.12801641,0,0,0,0,0
2/1/2025,C003,Lapiz Blue Hospitality,Hospitality,Watchlist,55.8,557704,515294,283441,178969,274263,95294,108212,421605,440691,33356,63,52,110,0.4727,0.7908,4.29,0,25,4.4,0.9073,0.7931,0.17086841765524363,0.4917716207880883,0.8291315823447564,0.059809504683488016,0.08230253,-19086,-0.034222455,-0.026397242,-0.084032796,-0.091529625,-0.205759681,-0.036734667
3/1/2025,C003,Lapiz Blue Hospitality,Hospitality,Watchlist,57.8,521691,536085,242992,159359,278699,119340,112578,427362,392559,22289,60,25,61,0.4098,0.8333,4.23,0,11,7.2,0.6486,0.9501,0.22875610275047872,0.5342223653465366,0.7712438972495212,0.042724525,-0.02685022,34803,0.066711904,-0.064573681,-0.109572049,0.25233487942577715,0.013654961,-0.109219385
4/1/2025,C003,Lapiz Blue Hospitality,Hospitality,Watchlist,54,568230,547804,274439,174823,293790,118967,115039,531415,442540,27230,62,37,121,0.3058,0.8754,3.67,0,25,7.9,0.7924,0.8575,0.20936416591873008,0.5170265561480386,0.7906340742305052,0.047920736,0.037287059,88875,0.1564067367087271,0.089207979,0.097038762,-0.003125524,0.2434774266312869,0.1273209886921456
5/1/2025,C003,Lapiz Blue Hospitality,Hospitality,Watchlist,52.2,558733,548649,270870,180625,287863,107238,115216,409850,441305,65178,65,47,140,0.3357,0.8363,3.98,0,14,7.4,0.6812,0.8659,0.19193067171618644,0.5152067266476117,0.8080693282838135,0.11665321361007852,0.018379692663251002,-31455,-0.056297015,-0.016713303,0.033187853,-0.098590365,-0.228757186,-0.002790708
6/1/2025,C003,Lapiz Blue Hospitality,Hospitality,High Risk,70.5,485640,539735,233571,144545,252068,107523,113344,403641,357882,48467,62,43,72,0.5972,0.8741,3.6,0,25,3.1,0.8288,0.9082,0.2214047442550037,0.5190429124454329,0.7785931966065398,0.099800264,-0.10022511,45759,0.094224117,-0.130819193,-0.199750865,0.00265764,-0.015149445,-0.189037061
7/1/2025,C003,Lapiz Blue Hospitality,Hospitality,Watchlist,59.7,539380,524851,245118,157555,294263,136707,110219,482665,388897,50455,67,27,43,0.6279,0.7762,3.52,0,25,3.3,0.7845,0.977,0.25345211168378506,0.545557863,0.7465478883162149,0.093542586,0.027682142169872973,93768,0.17384404316066596,0.11065810065068771,0.090006572,0.27142099829803845,0.19577793137961708,0.086662643
8/1/2025,C003,Lapiz Blue Hospitality,Hospitality,Watchlist,50,555339,509497,266698,165773,288641,122868,106994,468656,424797,21033,67,60,87,0.6897,0.8766,4.52,0,5,4.4,0.8553,0.9106,0.22124864272093261,0.5197564010451274,0.7787513572790674,0.037874163,0.089975015,43859,0.078976985,0.029587674737661773,0.052159563,-0.1012311,-0.029024271,0.09231236
9/1/2025,C003,Lapiz Blue Hospitality,Hospitality,Watchlist,55.9,528124,499425,241367,182759,286757,103999,104879,456283,411236,52909,69,28,64,0.4375,0.8256,4.08,0,5,5.3,0.8659,0.955,0.1969215563011717,0.5429728624338224,0.8030803371935379,0.10018291158894502,0.057466085998898735,45047,0.085296256,-0.049006103,0.10246541957978672,-0.153571312,-0.026401028,-0.031923483
10/1/2025,C003,Lapiz Blue Hospitality,Hospitality,High Risk,73,452596,499079,221823,139063,230773,91710,104807,417831,365623,17048,63,27,88,0.3068,0.7907,3.73,0,27,8.4,0.9208,0.8964,0.20263104402159984,0.5098874051030058,0.7973689559784002,0.037667146859450815,-0.093137559,52208,0.11535232304306711,-0.143011868,-0.239090825,-0.118164598,-0.084272261,-0.110916846
11/1/2025,C003,Lapiz Blue Hospitality,Hospitality,Watchlist,50,558411,510361,265129,192453,293282,100829,107176,528077,467284,60386,62,38,76,0.5,0.8777,4.64,0,11,3.4,0.8854,0.8006,0.18056413645146674,0.5252081352265625,0.8194358635485333,0.10813898723341768,0.094149044,60793,0.10886784107046601,0.233795703,0.3839267094769996,0.099432995,0.26385308892829884,0.27804870043733576
12/1/2025,C003,Lapiz Blue Hospitality,Hospitality,Watchlist,50,686406,532058,338534,208319,347872,139553,111732,626902,545718,82450,60,75,206,0.3641,0.8508,4.01,1,14,6,0.9251,0.963,0.2033097030037616,0.5068020967182688,0.7966902969962384,0.12011841388332853,0.29009619252036434,81184,0.11827402441120853,0.2292128915798579,0.082440908,0.38405617431492933,0.18714126917097307,0.16785081449396944
1/1/2026,C003,Lapiz Blue Hospitality,Hospitality,Watchlist,56.4,663409,560102,332107,196720,331302,134583,117622,551303,533229,54694,72,63,166,0.3795,0.7936,4.24,0,21,8,0.6248,0.9482,0.2028658037500245,0.4993932852885626,0.7971357036157182,0.082443862,0.18444319070455023,18074,0.027244128433590743,-0.033503495,-0.055679031,-0.035613709,-0.120591416,-0.022885446
2/1/2026,C003,Lapiz Blue Hospitality,Hospitality,Watchlist,51.7,735540,588617,360185,217007,375355,158348,123610,718054,570849,85221,62,67,155,0.4323,0.8059,3.96,0,16,6.2,0.9015,0.8784,0.2152812899366452,0.5103121516164995,0.7847187100633548,0.11586181580879354,0.24960882883097157,147205,0.2001318759006988,0.10872779838681712,0.1031262708418057,0.17658248069964255,0.30246706439108806,0.070551302
3/1/2026,C003,Lapiz Blue Hospitality,Hospitality,Watchlist,67.3,666904,611472,318272,204466,348632,144166,128409,646463,495820,29470,61,35,84,0.4167,0.7526,4.03,0,26,1.7,0.8946,0.8054,0.216172043,0.5227618967647517,0.783827957,0.044189269,0.090653374,150643,0.22588408526564543,-0.093313756,-0.057790763,-0.08956223,-0.099701415,-0.131434057
4/1/2026,C003,Lapiz Blue Hospitality,Hospitality,Watchlist,53.9,668662,623946,305780,230265,362882,132617,131029,626052,509652,20953,77,50,87,0.5747,0.7762,4.34,0,16,1.5,0.8589,0.7839,0.1983318926453126,0.5426987027825718,0.8016681073546874,0.031335712213345454,0.071666458,116400,0.1740789816080471,0.002636062,0.12617745737677666,-0.080109041,-0.031573346,0.027897220765600528
5/1/2026,C003,Lapiz Blue Hospitality,Hospitality,High Risk,77.1,574830,624036,297450,168634,277379,108746,131048,505659,450841,52994,61,34,44,0.7727,0.7673,3.54,0,6,8.4,0.7126,0.9523,0.1891794095645669,0.4825409251430858,0.8108205904354331,0.092190735,-0.078852823,54818,0.095363847,-0.140327998,-0.267652487,-0.179999548,-0.192305112,-0.115394426
6/1/2026,C003,Lapiz Blue Hospitality,Hospitality,Watchlist,56.6,567214,613058,288812,185110,278401,93291,128742,467406,479812,73278,60,46,144,0.3194,0.7753,4.05,0,19,3.2,0.906,0.9441,0.16447231556343814,0.4908218062318631,0.835525921,0.12918933594727916,-0.074779222,-12406,-0.021871816,-0.013249135,0.097702717,-0.14212017,-0.075649796,0.064259905
1/1/2025,C004,Lapiz Blue Real Estate,Real Estate,Watchlist,59.3,616263,632400,126181,221382,490083,268701,278256,525198,329505,117495,19,30,73,0.411,0.8034,4.09,0,31,2.1,0.8894,0.8953,0.4360167655692456,0.7952497553804139,0.5639848571145761,0.19065723562829506,-0.025517078,195693,0.317547865,0,0,0,0,0
2/1/2025,C004,Lapiz Blue Real Estate,Real Estate,Watchlist,68.3,617020,665588,127707,221696,489313,267617,292859,457145,340011,102795,19,66,95,0.6947,0.7241,3.62,0,28,2.1,0.7361,0.8548,0.4337250008103465,0.7930261579851544,0.5662749991896535,0.16659913779131957,-0.072970066,117134,0.18983825483776862,0.001228372,0.001418363,-0.004034224,-0.129575893,0.03188419
3/1/2025,C004,Lapiz Blue Real Estate,Real Estate,Watchlist,58.7,692313,692443,178665,245263,513648,268385,304675,594243,441857,104233,19,36,80,0.45,0.8024,3.69,0,23,1.7,0.913,0.98,0.3876642501296379,0.741930312,0.6123357498703621,0.15055762350266425,-0.000187741,152386,0.22011142359019692,0.122026839,0.1063032260392609,0.002869773,0.29990046921655056,0.29953736790868524
4/1/2025,C004,Lapiz Blue Real Estate,Real Estate,Watchlist,57.9,713604,707580,185491,254042,528113,274070,311335,630271,441413,78034,17,62,155,0.4,0.7893,3.57,1,33,3.4,0.7561,0.8866,0.3840645512076726,0.7400645175755741,0.615934047,0.10935196551588837,0.008513525,188858,0.26465378557295083,0.030753430890363198,0.035794229,0.021182256832535273,0.060628396,-0.00100485
5/1/2025,C004,Lapiz Blue Real Estate,Real Estate,Watchlist,53.1,733901,708672,207224,213478,526677,313199,311816,648814,409274,63739,17,35,55,0.6364,0.785,4.73,0,23,2.5,0.7375,0.9201,0.42675919504129306,0.7176403901888674,0.573240805,0.086849589,0.035600391,239540,0.32639279684862127,0.028442946,-0.159674385,0.14277009523114526,0.029420678,-0.072809364
6/1/2025,C004,Lapiz Blue Real Estate,Real Estate,Watchlist,59.4,728861,697158,149990,258844,578871,320027,306749,545917,387525,144517,19,62,93,0.6667,0.8497,4.38,0,18,4.3,0.7462,0.8504,0.439078233,0.7942131627292447,0.5609217669761449,0.19827786093644742,0.045476061380633946,158392,0.21731441248742903,-0.006867411,0.21250901732262806,0.021800836,-0.158592447,-0.053140439
7/1/2025,C004,Lapiz Blue Real Estate,Real Estate,Watchlist,56.9,717348,677933,201479,252970,515869,262899,298290,539217,449874,89463,24,46,126,0.3651,0.8516,3.63,0,14,5.5,0.672,0.8052,0.3664873952391308,0.7191335307270669,0.6335126047608692,0.1247135281620636,0.058139963683726856,89343,0.12454624533699125,-0.015795879,-0.022693205,-0.178509938,-0.012272928,0.16089026514418414
8/1/2025,C004,Lapiz Blue Real Estate,Real Estate,High Risk,77.7,622941,658101,134441,218362,488501,270138,289564,539882,357760,93311,18,33,46,0.7174,0.7246,4.42,0,27,6.4,0.8828,0.9325,0.4336494146315622,0.784185019,0.5663505853684377,0.14979107170663034,-0.05342493,182122,0.2923583453328646,-0.131605581,-0.136806736,0.027535289217532233,0.00123327,-0.204755109
9/1/2025,C004,Lapiz Blue Real Estate,Real Estate,Watchlist,66.8,686150,645090,188070,246120,498080,251960,283840,591915,399250,128045,19,36,109,0.3303,0.715,4.5,0,21,1.7,0.8918,0.9318,0.3672083363695985,0.7259054142680172,0.6327916636304015,0.18661371420243386,0.063648483,192665,0.280791372,0.10146867841416762,0.12711918740440176,-0.067291532,0.096378468,0.11597160107334537
10/1/2025,C004,Lapiz Blue Real Estate,Real Estate,Watchlist,63.4,677554,644643,167691,242157,509863,267706,283643,568802,396649,73753,26,77,200,0.385,0.802,3.14,1,16,2.8,0.8588,0.8171,0.3951065154954439,0.7525053353681035,0.604893485,0.10885184059130343,0.051053063,172153,0.25408011759948285,-0.012527873,-0.016101902,0.062494047,-0.039047836,-0.006514715
11/1/2025,C004,Lapiz Blue Real Estate,Real Estate,Watchlist,55.1,953901,659216,270366,318312,683536,365224,290055,773486,546902,158654,17,49,59,0.8305,0.8369,4.17,0,25,5.4,0.6447,0.9017,0.38287411377071623,0.7165691198562534,0.6171269345561017,0.16632124298014153,0.4470234338972355,226584,0.23753408372566964,0.40785974254450563,0.31448605656660766,0.3642727469686895,0.3598510553760359,0.3788059468194802
12/1/2025,C004,Lapiz Blue Real Estate,Real Estate,High Risk,100,661803,687242,159895,223839,501908,278069,302386,610128,398850,93734,19,48,86,0.5581,0.7155,3.45,1,13,8.2,0.7731,0.8188,0.4201688417852443,0.7583948697724248,0.5798311582147557,0.1416342929844682,-0.037014618,211278,0.31924605962801617,-0.306214167,-0.296793712,-0.238634372,-0.2111971,-0.270710292
1/1/2026,C004,Lapiz Blue Real Estate,Real Estate,Watchlist,65.5,666572,723466,170064,237091,496508,259417,318325,625387,422223,100867,21,36,56,0.6429,0.7571,3.47,0,5,7.2,0.6246,0.9536,0.3891807636684409,0.7448677712235138,0.6108192363315591,0.15132198772225655,-0.078640876,203164,0.30478928007777106,0.007206072,0.059203267,-0.067076877,0.025009506201977283,0.058600978
2/1/2026,C004,Lapiz Blue Real Estate,Real Estate,Watchlist,56.8,738380,760297,189807,263253,548574,285320,334530,642394,422018,134307,21,37,114,0.3246,0.8558,4.28,0,8,7.7,0.6919,0.9277,0.3864134998239389,0.7429426582518487,0.6135865001760611,0.18189414664535875,-0.028825577,220376,0.2984587881578591,0.10772729727621333,0.11034581658519294,0.099850819,0.027194361,-0.000485525
3/1/2026,C004,Lapiz Blue Real Estate,Real Estate,Watchlist,67,806039,789818,186027,264546,620012,355467,347520,765508,427652,147394,31,80,256,0.3125,0.7079,4.17,0,14,4.8,0.9137,0.9448,0.44100471565271654,0.7692084378051186,0.5589965249820418,0.1828621195748593,0.020537642849365295,337856,0.41915589692310173,0.09163168,0.004911625,0.24585377821393517,0.19164873893591783,0.013350141
4/1/2026,C004,Lapiz Blue Real Estate,Real Estate,Watchlist,65.8,799699,805931,179905,251761,619794,368033,354609,692357,437716,148763,20,49,65,0.7538,0.7649,3.78,0,15,7.7,0.779,0.8099,0.4602144056701334,0.7750341065826017,0.5397855943298666,0.18602374143271405,-0.007731431,254641,0.31842105592229075,-0.007865624,-0.048328079,0.03535068,-0.095558766,0.023533153124503103
5/1/2026,C004,Lapiz Blue Real Estate,Real Estate,Watchlist,59.5,811061,806047,172293,244983,638768,393785,354661,647645,383638,149302,17,62,127,0.4882,0.7926,4.27,0,29,5,0.8641,0.9208,0.4855183518872193,0.7875708485551641,0.5144816481127806,0.1840823316618602,0.006220481,264007,0.32550819235544554,0.014207845701945443,-0.026922359,0.069971986,-0.064579401,-0.123545861
6/1/2026,C004,Lapiz Blue Real Estate,Real Estate,Watchlist,64.2,734272,791866,184083,254295,550190,295895,348421,710932,447220,95506,36,69,88,0.7841,0.8011,4.43,0,13,2.9,0.9356,0.918,0.4029773707835788,0.7492999869258259,0.5970239911095616,0.1300689662686307,-0.072732003,263712,0.3591475638455504,-0.094677219,0.038010800749439744,-0.248587427,0.097718658,0.16573436416621923
1/1/2025,C005,Lapiz Blue Logistics,Logistics,Watchlist,56.3,383642,397800,218101,116085,165541,49456,75582,323595,329339,62089,44,20,39,0.5128,0.9144,4.1,0,12,7.9,0.7194,0.8179,0.12891185011025905,0.4314986367498866,0.8710881498897409,0.16184098717033069,-0.035590749,-5744,-0.014972292,0,0,0,0,0
2/1/2025,C005,Lapiz Blue Logistics,Logistics,Watchlist,63.1,363272,418677,202365,107077,160907,53830,79549,312112,317696,65956,43,36,117,0.3077,0.8853,4.56,0,26,7.8,0.6572,0.9627,0.14818097733929397,0.442938074,0.8518190226607061,0.181560924,-0.132333517,-5584,-0.015371402,-0.053096376,-0.077598312,0.088442252,-0.035485715,-0.035352631
3/1/2025,C005,Lapiz Blue Logistics,Logistics,Watchlist,65.9,411881,435569,233300,124210,178581,54371,82758,308815,356298,104449,43,29,95,0.3053,0.8787,4.5,0,12,2,0.8583,0.8497,0.13200657471454133,0.4335742605267055,0.8679934252854586,0.25359023601477126,-0.054384036,-47483,-0.115283298,0.13380882644409708,0.16000635057015056,0.010050157904514245,-0.010563516,0.1215060938759065
4/1/2025,C005,Lapiz Blue Logistics,Logistics,Watchlist,59.9,451451,445090,232367,123868,219084,95216,84567,345967,343729,94893,42,46,105,0.4381,0.8754,4.26,0,4,3.8,0.7615,0.9154,0.21091104017933288,0.4852885473728046,0.7890889598206672,0.21019556939734324,0.014289244871823675,2238,0.004957349,0.096071438,-0.002753401,0.7512276765187325,0.12030503699625994,-0.03527665
5/1/2025,C005,Lapiz Blue Logistics,Logistics,High Risk,72.8,396558,445778,194660,120344,201898,81554,84698,297821,323860,61743,46,29,70,0.4143,0.7722,4.16,0,16,5.5,0.6259,0.9074,0.20565465833497243,0.5091260294837073,0.7943453416650276,0.15569727505182093,-0.11041146,-26039,-0.065662526,-0.121592377,-0.02844964,-0.143484288,-0.139163562,-0.057804259
6/1/2025,C005,Lapiz Blue Logistics,Logistics,Watchlist,65.7,440995,438535,230215,124934,210780,85846,83322,337029,349757,104695,50,32,56,0.5714,0.8471,3.77,0,27,1.6,0.6811,0.8511,0.1946643385979433,0.47796460277327407,0.8053356614020567,0.2374063197995442,0.005609586,-12728,-0.028862005,0.11205674831928736,0.038140663,0.052627707,0.1316495478827886,0.079963565
7/1/2025,C005,Lapiz Blue Logistics,Logistics,High Risk,71.4,398771,426442,218083,119701,180687,60986,81024,316526,338055,64539,43,19,56,0.3393,0.8748,3.56,0,5,4.8,0.8628,0.9473,0.15293489245707437,0.45310967949023373,0.8470625998380023,0.1618447680498331,-0.064888074,-21529,-0.053988379,-0.095747117,-0.041886116,-0.289588333,-0.060834528,-0.033457515
8/1/2025,C005,Lapiz Blue Logistics,Logistics,Watchlist,53.8,450665,413967,232420,128719,218245,89526,78654,436305,361983,69769,44,21,31,0.6774,0.8971,4.28,0,19,8.2,0.6529,0.8262,0.19865310152774235,0.4842732406554758,0.8013468984722577,0.15481344235740516,0.088651994,74322,0.16491629037089633,0.13013483929373004,0.075337716,0.46797625684583344,0.3784175707524817,0.070781382
9/1/2025,C005,Lapiz Blue Logistics,Logistics,High Risk,70.7,387699,405783,187506,105689,200193,94505,77099,374097,285630,57506,43,25,30,0.8333,0.8165,3.96,0,10,7.4,0.9368,0.8702,0.24375868908612094,0.5163619199430486,0.7562438902344344,0.14832640785764215,-0.044563227,88467,0.2281847515727407,-0.139717972,-0.178916865,0.055615129,-0.142579159,-0.210929795
10/1/2025,C005,Lapiz Blue Logistics,Logistics,Watchlist,63.2,380784,405501,207757,106558,173027,66469,77045,287088,305199,77654,45,31,76,0.4079,0.7999,4.02,0,8,2.3,0.8181,0.9724,0.17455827975965377,0.4543967183495105,0.8254417202403462,0.20393188789444935,-0.060954227,-18111,-0.047562398,-0.017836002,0.008222237,-0.296661552,-0.232584062,0.068511711
11/1/2025,C005,Lapiz Blue Logistics,Logistics,Watchlist,59,412148,414668,233563,127842,178584,50743,78787,371360,367102,60721,44,31,76,0.4079,0.8523,3.71,0,25,1.8,0.8701,0.7979,0.12311839436318993,0.43330065898657766,0.8768816056368101,0.14732814425885846,-0.006079562,4258,0.010331240234090667,0.082366906,0.19974098612961955,-0.236591494,0.2935406565234353,0.2028283185724724
12/1/2025,C005,Lapiz Blue Logistics,Logistics,Watchlist,63.4,441925,432297,241786,133769,200139,66369,82136,333072,367145,92152,54,46,60,0.7667,0.7795,4.66,0,20,3.2,0.6461,0.9347,0.1501815918990779,0.4528800135769644,0.8498161452735192,0.2085240708264977,0.022269412,-34073,-0.077101318,0.072248319,0.046361915,0.30794395286049303,-0.103102111,0.000117134
1/1/2026,C005,Lapiz Blue Logistics,Logistics,Watchlist,65.9,434755,455083,239108,129896,195646,65750,86466,315997,357121,101954,46,24,65,0.3692,0.8968,3.89,0,10,4.8,0.698,0.8697,0.15123460339731573,0.45001437591287047,0.848763096,0.23450909132729927,-0.044668775,-41124,-0.094591207,-0.016224472,-0.028952896,-0.009326643,-0.051265192,-0.027302564
2/1/2026,C005,Lapiz Blue Logistics,Logistics,Watchlist,64.1,421888,478251,239805,126295,182083,55788,90868,376394,360178,86706,58,31,83,0.3735,0.9167,4.21,0,17,6.6,0.7795,0.8292,0.1322341474514563,0.43159084875606796,0.8677658525485437,0.20551900030339806,-0.117852341,16216,0.038436742,-0.029595979,-0.027722178,-0.151513308,0.19113156137558263,0.008560124
3/1/2026,C005,Lapiz Blue Logistics,Logistics,High Risk,100,350946,496821,187033,107876,163914,56038,94396,336384,301183,138175,44,32,79,0.4051,0.5905,3.77,12,20,6.7,0.9231,0.8147,0.15967698734278207,0.46706330888512765,0.8403258620984425,0.3937215412057696,-0.293616816,35201,0.10030318054629488,-0.168153633,-0.145841086,0.00448125,-0.106298188,-0.163794013
4/1/2026,C005,Lapiz Blue Logistics,Logistics,High Risk,85.2,465888,506956,245594,127855,220294,92438,96322,352302,365012,204800,46,25,50,0.5,0.845,4.04,0,29,3.7,0.7015,0.8695,0.19841249398997185,0.47284755134281203,0.8015853595713991,0.439590631,-0.081009003,-12710,-0.027281235,0.3275204732351986,0.18520338166042483,0.6495592276669402,0.047320919,0.21192763203766485
5/1/2026,C005,Lapiz Blue Logistics,Logistics,Watchlist,63.6,473181,507030,264398,129150,208783,79634,96336,385918,377476,109491,44,29,61,0.4754,0.9159,3.89,0,34,2.3,0.8306,0.9051,0.1682950076186491,0.441232847,0.8317071057375508,0.23139348367749338,-0.066759363,8442,0.017840953039111884,0.015653977,0.010128661374212866,-0.138514464,0.095418136,0.034146823
6/1/2026,C005,Lapiz Blue Logistics,Logistics,Watchlist,66.1,526421,498109,286252,163738,240168,76431,94641,482181,450411,129159,62,40,53,0.7547,0.8694,3.81,0,25,7.5,0.803,0.9001,0.14518987654367893,0.45622800002279545,0.8548101234563211,0.24535305392452048,0.056836957,31770,0.060350936,0.11251508407987632,0.2678126209833527,-0.040221513,0.24943899999481745,0.1932175820449511
1/1/2025,C006,Lapiz Blue Facilities,Facilities Management,Watchlist,62.2,298993,295800,116458,109020,182535,73515,62118,258217,209363,68958,70,21,68,0.3088,0.8222,4.1,0,28,2.8,0.6265,0.9209,0.24587532149582098,0.6104992424571812,0.7541246785041791,0.23063416200379272,0.010794455713319811,48854,0.16339512965186476,0,0,0,0,0
2/1/2025,C006,Lapiz Blue Facilities,Facilities Management,Watchlist,61.2,333400,311324,136438,128622,196961,68339,65378,299550,257087,65908,70,26,77,0.3377,0.79,4.2,0,12,8.4,0.7081,0.8122,0.20497600479904018,0.5907648470305938,0.7950209958008398,0.19768446310737853,0.070910049,42463,0.1273635272945411,0.11507627268865828,0.17980187121629054,-0.0704074,0.16007079317008555,0.22794858690408515
3/1/2025,C006,Lapiz Blue Facilities,Facilities Management,Watchlist,65.5,311038,323885,126989,113773,184050,70277,68016,226505,232972,55441,74,28,82,0.3415,0.8643,3.91,0,14,7.6,0.7318,0.7838,0.22594345385451295,0.5917283418746263,0.774059761,0.17824510188465717,-0.039662226,-6467,-0.020791672,-0.067072585,-0.115446813,0.028358623918992132,-0.243849107,-0.093800931
4/1/2025,C006,Lapiz Blue Facilities,Facilities Management,Watchlist,57.4,331963,330965,127464,130281,204498,74217,69503,273041,261535,62144,74,18,46,0.3913,0.8628,4.46,0,8,1.9,0.6547,0.8196,0.2235700966673997,0.616026485,0.7764268909486901,0.18720158571889037,0.003015425,11506,0.034660489,0.067274738,0.14509593664577713,0.056063861576333585,0.20545241826891236,0.1226027162062393
5/1/2025,C006,Lapiz Blue Facilities,Facilities Management,Watchlist,62.4,334012,331476,137917,116830,196095,79264,69610,250672,254521,58078,73,17,54,0.3148,0.7744,3.8,0,34,1.9,0.872,0.8878,0.23730883920338192,0.5870896854005245,0.7626881668922074,0.17387998035998706,0.007650629,-3849,-0.011523538,0.006172375,-0.10324606,0.068003288,-0.081925425,-0.02681859
6/1/2025,C006,Lapiz Blue Facilities,Facilities Management,Watchlist,67.6,318803,326090,139981,127576,178822,51246,68479,239373,259133,73531,74,24,56,0.4286,0.8268,4.14,0,13,4.9,0.7542,0.8538,0.1607450369036678,0.56091693,0.8392549630963322,0.23064713945602772,-0.022346591,-19760,-0.061981851,-0.045534292,0.0919798,-0.353476988,-0.045074839,0.018120312272857708
7/1/2025,C006,Lapiz Blue Facilities,Facilities Management,High Risk,80.4,282388,317098,116310,113067,166078,53011,66590,266564,212673,73220,73,16,42,0.381,0.8097,3.96,0,6,3.6,0.9108,0.7997,0.18772398260549314,0.5881198917801039,0.8122760173945068,0.2592886383274077,-0.109458275,53891,0.1908402623340935,-0.114224145,-0.113728287,0.034441712523904267,0.11359259398511945,-0.179290171
8/1/2025,C006,Lapiz Blue Facilities,Facilities Management,Watchlist,55.9,288288,307821,113097,114749,175191,60442,64642,212316,232402,50104,73,18,51,0.3529,0.8204,4.21,0,34,7.1,0.635,0.9658,0.20965839715839715,0.607694389,0.7903416028416028,0.1737984237984238,-0.06345571,-20086,-0.069673382,0.020893239,0.014876135388751877,0.14017845352851288,-0.203508351,0.09276683
9/1/2025,C006,Lapiz Blue Facilities,Facilities Management,Watchlist,68.6,265949,301736,110109,99501,155840,56340,63365,195041,206070,54337,74,14,20,0.7,0.8505,4.78,0,11,2.8,0.8999,0.8268,0.21184512820127166,0.5859770106298576,0.7881586319181497,0.20431360900022186,-0.118600366,-11029,-0.041470357,-0.077488484,-0.132881332,-0.067866715,-0.08136457,-0.113303672
10/1/2025,C006,Lapiz Blue Facilities,Facilities Management,High Risk,70.7,262665,301527,113755,91622,148911,57288,63321,251897,212479,63146,72,16,38,0.4211,0.7551,3.99,0,11,5.6,0.6596,0.843,0.21810290674433214,0.5669236479926903,0.7818970932556679,0.2404050787124284,-0.128880664,39418,0.15006948013629529,-0.012348232,-0.079185134,0.016826411075612446,0.29150793935634045,0.031101082
11/1/2025,C006,Lapiz Blue Facilities,Facilities Management,High Risk,74,283703,308343,119138,114860,164566,49705,64752,226249,236660,72872,71,18,30,0.6,0.7205,4.09,0,23,7.5,0.8953,0.9196,0.17520082621614858,0.5800643630839293,0.8247991737838514,0.2568601671466287,-0.079911008,-10411,-0.036696827,0.080094417,0.2536290410600075,-0.13236629,-0.101819394,0.11380418770796163
12/1/2025,C006,Lapiz Blue Facilities,Facilities Management,Watchlist,65.9,332179,321452,154259,115531,177921,62390,67505,286088,274975,78720,71,27,36,0.75,0.7868,4.21,0,27,5,0.7953,0.8206,0.18782042212180783,0.5356178445958354,0.8121825883032943,0.23698066403956902,0.033373567,11113,0.033454854,0.1708688311367874,0.005841894,0.2552057137108943,0.26448293694115765,0.16189892673033035
1/1/2026,C006,Lapiz Blue Facilities,Facilities Management,Watchlist,65.1,348540,338395,135382,141682,213158,71475,71063,330188,287771,72839,73,23,71,0.3239,0.7611,4.25,0,18,4.8,0.8598,0.8246,0.20506971940092958,0.6115739943765421,0.794927411,0.20898318700866472,0.029976802257716574,42417,0.1216990876226545,0.049253565095927154,0.22635483117085453,0.1456162846610034,0.15414837392690361,0.04653514
2/1/2026,C006,Lapiz Blue Facilities,Facilities Management,High Risk,91.3,306850,355623,120692,131133,186158,55024,74681,263033,247219,60469,87,30,70,0.4286,0.7458,3.02,9,42,6.8,0.8991,0.7815,0.17931888544891642,0.6066742708163598,0.8206778556297866,0.19706371191135735,-0.137148047,15814,0.051536581391559394,-0.119613244,-0.074455471,-0.230164393,-0.203384133,-0.140917605
3/1/2026,C006,Lapiz Blue Facilities,Facilities Management,Watchlist,63.5,395354,369431,177634,150107,217720,67613,77581,345890,306746,95858,72,21,60,0.35,0.8481,4.5,0,10,3.2,0.8046,0.8596,0.171018884,0.5506963379654689,0.828981116,0.24246118668332683,0.070170072,39144,0.099010001,0.28842757,0.1446927928134032,0.22879107298633317,0.3150061018959598,0.24078650912753474
4/1/2026,C006,Lapiz Blue Facilities,Facilities Management,High Risk,77.9,364220,376968,140845,146875,223375,76501,79163,321091,297476,94025,74,21,56,0.375,0.7839,4.11,0,9,3.2,0.7089,0.7809,0.2100406347811762,0.6132969084619186,0.7899621108121465,0.2581544121684696,-0.033814541,23615,0.064837186,-0.078749678,-0.021531308,0.1314540103234585,-0.071696204,-0.030220443
5/1/2026,C006,Lapiz Blue Facilities,Facilities Management,Watchlist,65.7,369912,377022,168158,143253,201754,58500,79175,271164,312224,67386,73,33,44,0.75,0.7218,4.64,0,8,7.1,0.7368,0.9799,0.1581457211444884,0.5454108004065832,0.841851576,0.18216765068448712,-0.018858316,-41060,-0.110999373,0.015627917,-0.024660426,-0.235304114,-0.155491745,0.049577109
6/1/2026,C006,Lapiz Blue Facilities,Facilities Management,Watchlist,61.8,373266,370389,144669,132698,228597,95899,77782,341975,281624,84892,72,19,48,0.3958,0.8744,4.2,0,26,7.8,0.8155,0.9303,0.25691865854377305,0.6124238478725628,0.743081341,0.22743030439418538,0.007767509,60351,0.16168362508238093,0.009067021,-0.07368083,0.6392991452991452,0.26113717160095007,-0.098006559
